Workbook
Name Annee: #REF!
Name Année1: #REF!
Name Année1: #REF!
Name Année1: #REF!
Name Année1: #REF!
Name Année2: #REF!
Name Année2: #REF!
Name Année2: #REF!
Name Année2: #REF!
Name Année3: #REF!
Name Année3: #REF!
Name Année3: #REF!
Name Année3: #REF!
Name Année4: #REF!
Name Année4: #REF!
Name Année4: #REF!
Name Année4: #REF!
Name Année5: #REF!
Name Année5: #REF!
Name Année5: #REF!
Name Année5: #REF!
Name Autofi: #REF!
Name CarryBack: #REF!
Name CEX20Plein: #REF!
Name CEX20Vide: #REF!
Name CEX40Plein: #REF!
Name CEX40Vide: #REF!
Name CIM20Plein: #REF!
Name CIM20Vide: #REF!
Name CIM40Plein: #REF!
Name CIM40Vide: #REF!
Name CLASSEU: #REF!
Name CLASSEU: #REF!
Name CLASSEU: #REF!
Name CLASSEU: #REF!
Name Classeur2_000__2__Liste: #REF!
Name Classeur2_000__2__Liste: #REF!
Name Classeur2_000__2__Liste: #REF!
Name Classeur2_000__2__Liste: #REF!
Name Client_données: #REF!
Name Client_données: #REF!
Name Client_données: #REF!
Name Client_données: #REF!
Name ConsMask: #REF!
Name ContribFonciere: #REF!
Name CTEX20Plein: #REF!
Name CTEX20Vide: #REF!
Name CTEX40Plein: #REF!
Name CTEX40Vide: #REF!
Name CTIM20Plein: #REF!
Name CTIM20Vide: #REF!
Name CTIM40Plein: #REF!
Name CTIM40Vide: #REF!
Name CTRS20Plein: #REF!
Name CTRS20Vide: #REF!
Name CTRS40Plein: #REF!
Name CTRS40Vide: #REF!
Name Date: #REF!
Name Dépenses_cm: #REF!
Name Dépenses_cm: #REF!

Sheet ANNUEL_DCAQ_AVEC_TC2_Option2
B2: TRAFICS | D2: Trafics réalisés en 2021 | E2: Trafics prévisionnels 2022 | F2: Variation 22/21 % | G2: Scénario de référence du PND | I2: Scénario 1 du PND | K2: Scénario 2 du PND | M2: Hypothèses de trafics 2023
G3: Trafics prévisionnels 2023 | H3: Variation 23/22 % | I3: Trafics prévisionnels 2023 | J3: Variation 23/22 % | K3: Trafics prévisionnels 2022 | L3: Variation 23/22 %
B4: Trafic global de navires | C4: Nombre total d'escales | D4: 2331 | E4: ='NON-RESPECT_ENGA_TRANSBO_TC2'!D4 -> 2748 | F4: =(E4/D4-1)*100 -> 17.889318 | G4: =SUM(G5:G7) -> 586.69971 | H4: =(G4/E4-1)*100 -> -78.649938 | I4: =SUM(I5:I7) -> 586.69971 | J4: =(I4/E4-1)*100 -> -78.649938 | K4: =SUM(K5:K7) -> #REF! | L4: =(K4/E4-1)*100 -> #REF! | M4: Somme des composantes.
C5: Port de Commerce | D5: 1700 | E5: ='NON-RESPECT_ENGA_TRANSBO_TC2'!D5 -> 2340 | F5: =(E5/D5-1)*100 -> 37.647059 | G5: ='NON-RESPECT_ENGA_TRANSBO_TC2'!G5 -> 404.32518 | H5: =(G5/E5-1)*100 -> -82.721146 | I5: ='NON-RESPECT_ENGA_TRANSBO_TC2'!I5 -> 404.32518 | J5: =(I5/E5-1)*100 -> -82.721146 | K5: ='NON-RESPECT_ENGA_TRANSBO_TC2'!#REF! -> #REF! | L5: =(K5/E5-1)*100 -> #REF! | M5: Idem que sans TC2.
C6: Terminal à Pêche | D6: 631 | E6: ='NON-RESPECT_ENGA_TRANSBO_TC2'!D6 -> 408 | F6: =(E6/D6-1)*100 -> -35.340729 | G6: ='NON-RESPECT_ENGA_TRANSBO_TC2'!G6 -> 54.486479 | H6: =(G6/E6-1)*100 -> -86.645471 | I6: ='NON-RESPECT_ENGA_TRANSBO_TC2'!I6 -> 54.486479 | J6: =(I6/E6-1)*100 -> -86.645471 | K6: ='NON-RESPECT_ENGA_TRANSBO_TC2'!#REF! -> #REF! | L6: =(K6/E6-1)*100 -> #REF! | M6: Idem que sans TC2.
C7: Escales TC2 (PC) | D7: 0 | E7: =267/6*450000/1027002.78360387 -> 19.498487 | F7: 0 | G7: =302*486000/1147659.95479971 -> 127.88806 | H7: 0 | I7: =G7 -> 127.88806 | J7: 0 | K7: =G7 -> 127.88806 | L7: 0 | M7: On a retenu en 2022 que le trafic des Porte-conteneurs dans le BP du TC2 au prorata de 1/6 en supposant que c'est seulement par ce type de navire que le transbordement conteneurisé se fait. Pour 2023, le trafic des Porte-conteneurs de la 2ième année du BP du TC2 a été utilisé.
B8: Trafic global | C8: Net | D8: 28313869 | E8: ='NON-RESPECT_ENGA_TRANSBO_TC2'!D7 -> 46935601 | F8: =(E8/D8-1)*100 -> 65.768944 | G8: =SUM(G11+G16+G22) -> #REF! | H8: =(G8/E8-1)*100 -> #REF! | I8: =SUM(I11+I16+I22) -> #REF! | J8: =(I8/E8-1)*100 -> #REF! | K8: =SUM(K11+K16+K22) -> #REF! | L8: =(K8/E8-1)*100 -> #REF! | M8: Somme des trafics nets national, de transit et de transbordement.
C9: Brut | D9: 30045960 | E9: ='NON-RESPECT_ENGA_TRANSBO_TC2'!D8 -> 50696079 | F9: =(E9/D9-1)*100 -> 68.72844 | G9: =G12+G17+G23 -> #REF! | H9: =(G9/E9-1)*100 -> #REF! | I9: =I12+I17+I23 -> #REF! | J9: =(I9/E9-1)*100 -> #REF! | K9: =K12+K17+K23 -> #REF! | L9: =(K9/E9-1)*100 -> #REF! | M9: Somme des trafics bruts national, de transit et de transbordement.
B10: Trafic du Terminal à Pêche | C10: Net | D10: 418957.43 | E10: ='NON-RESPECT_ENGA_TRANSBO_TC2'!D10 -> 991846.29 | F10: =(E10/D10-1)*100 -> 136.74154 | G10: ='NON-RESPECT_ENGA_TRANSBO_TC2'!G10 -> 199336.15 | H10: =(G10/E10-1)*100 -> -79.902516 | I10: ='NON-RESPECT_ENGA_TRANSBO_TC2'!I10 -> 199336.15 | J10: =(I10/E10-1)*100 -> -79.902516 | K10: ='NON-RESPECT_ENGA_TRANSBO_TC2'!#REF! -> #REF! | L10: =(K10/E10-1)*100 -> #REF! | M10: Idem que sans TC2.
B11: Trafic global national | C11: Net | D11: 24908065 | E11: ='NON-RESPECT_ENGA_TRANSBO_TC2'!D11 -> 34475188 | F11: =(E11/D11-1)*100 -> 38.409742 | G11: ='NON-RESPECT_ENGA_TRANSBO_TC2'!G11 -> 0 | H11: =(G11/E11-1)*100 -> -100 | I11: ='NON-RESPECT_ENGA_TRANSBO_TC2'!I11 -> 0 | J11: =(I11/E11-1)*100 -> -100 | K11: ='NON-RESPECT_ENGA_TRANSBO_TC2'!#REF! -> #REF! | L11: =(K11/E11-1)*100 -> #REF! | M11: Idem que sans TC2.
C12: Brut | D12: 26499454 | E12: ='NON-RESPECT_ENGA_TRANSBO_TC2'!D12 -> 36923645 | F12: =(E12/D12-1)*100 -> 39.337378 | G12: ='NON-RESPECT_ENGA_TRANSBO_TC2'!G12 -> 0 | H12: =(G12/E12-1)*100 -> -100 | I12: ='NON-RESPECT_ENGA_TRANSBO_TC2'!I12 -> 0 | J12: =(I12/E12-1)*100 -> -100 | K12: ='NON-RESPECT_ENGA_TRANSBO_TC2'!#REF! -> #REF! | L12: =(K12/E12-1)*100 -> #REF! | M12: Idem que sans TC2.
B13: Trafic national des marchandises générales | C13: Net | D13: 17471975 | E13: ='NON-RESPECT_ENGA_TRANSBO_TC2'!D13 -> 22223124 | F13: =(E13/D13-1)*100 -> 27.192972 | G13: ='NON-RESPECT_ENGA_TRANSBO_TC2'!G13 -> 0 | H13: =(G13/E13-1)*100 -> -100 | I13: ='NON-RESPECT_ENGA_TRANSBO_TC2'!I13 -> 0 | J13: =(I13/E13-1)*100 -> -100 | K13: ='NON-RESPECT_ENGA_TRANSBO_TC2'!#REF! -> #REF! | L13: =(K13/E13-1)*100 -> #REF! | M13: Idem que sans TC2.
B14: Trafic national des produits pétroliers | C14: Net | D14: 6702986.5 | E14: ='NON-RESPECT_ENGA_TRANSBO_TC2'!D14 -> 11341875 | F14: =(E14/D14-1)*100 -> 69.206291 | G14: ='NON-RESPECT_ENGA_TRANSBO_TC2'!G14 -> 0 | H14: =(G14/E14-1)*100 -> -100 | I14: ='NON-RESPECT_ENGA_TRANSBO_TC2'!I14 -> 0 | J14: =(I14/E14-1)*100 -> -100 | K14: ='NON-RESPECT_ENGA_TRANSBO_TC2'!#REF! -> #REF! | L14: =(K14/E14-1)*100 -> #REF! | M14: Idem que sans TC2.
B15: Trafic national des produits de pêche | C15: Net | D15: 733103.12 | E15: ='NON-RESPECT_ENGA_TRANSBO_TC2'!D15 -> 910188.95 | F15: =(E15/D15-1)*100 -> 24.155651 | G15: ='NON-RESPECT_ENGA_TRANSBO_TC2'!G15 -> 0 | H15: =(G15/E15-1)*100 -> -100 | I15: ='NON-RESPECT_ENGA_TRANSBO_TC2'!I15 -> 0 | J15: =(I15/E15-1)*100 -> -100 | K15: ='NON-RESPECT_ENGA_TRANSBO_TC2'!#REF! -> #REF! | L15: =(K15/E15-1)*100 -> #REF! | M15: Idem que sans TC2.
B16: Trafic global de transit | C16: Net | D16: 2935723.9 | E16: ='NON-RESPECT_ENGA_TRANSBO_TC2'!D16 -> 3938707.5 | F16: =(E16/D16-1)*100 -> 34.164779 | G16: ='NON-RESPECT_ENGA_TRANSBO_TC2'!G16 -> 0 | H16: =(G16/E16-1)*100 -> -100 | I16: ='NON-RESPECT_ENGA_TRANSBO_TC2'!I16 -> 0 | J16: =(I16/E16-1)*100 -> -100 | K16: ='NON-RESPECT_ENGA_TRANSBO_TC2'!#REF! -> #REF! | L16: =(K16/E16-1)*100 -> #REF! | M16: Idem que sans TC2.
C17: Brut | D17: 3039264.7 | E17: ='NON-RESPECT_ENGA_TRANSBO_TC2'!D17 -> 4102097.1 | F17: =(E17/D17-1)*100 -> 34.97005 | G17: ='NON-RESPECT_ENGA_TRANSBO_TC2'!G17 -> 0 | H17: =(G17/E17-1)*100 -> -100 | I17: ='NON-RESPECT_ENGA_TRANSBO_TC2'!I17 -> 0 | J17: =(I17/E17-1)*100 -> -100 | K17: ='NON-RESPECT_ENGA_TRANSBO_TC2'!#REF! -> #REF! | L17: =(K17/E17-1)*100 -> #REF! | M17: Idem que sans TC2.
B18: Trafic du Burkina Faso | C18: Net | D18: 2243059.3 | E18: ='NON-RESPECT_ENGA_TRANSBO_TC2'!D18 -> 2366684.9 | F18: =(E18/D18-1)*100 -> 5.5114747 | G18: ='NON-RESPECT_ENGA_TRANSBO_TC2'!G18 -> 0 | H18: =(G18/E18-1)*100 -> -100 | I18: ='NON-RESPECT_ENGA_TRANSBO_TC2'!I18 -> 0 | J18: =(I18/E18-1)*100 -> -100 | K18: ='NON-RESPECT_ENGA_TRANSBO_TC2'!#REF! -> #REF! | L18: =(K18/E18-1)*100 -> #REF! | M18: Idem que sans TC2.
C19: Brut | D19: 2316407.3 | E19: ='NON-RESPECT_ENGA_TRANSBO_TC2'!D19 -> 2456519.7 | F19: =(E19/D19-1)*100 -> 6.0486964 | G19: ='NON-RESPECT_ENGA_TRANSBO_TC2'!G19 -> 0 | H19: =(G19/E19-1)*100 -> -100 | I19: ='NON-RESPECT_ENGA_TRANSBO_TC2'!I19 -> 0 | J19: =(I19/E19-1)*100 -> -100 | K19: ='NON-RESPECT_ENGA_TRANSBO_TC2'!#REF! -> #REF! | L19: =(K19/E19-1)*100 -> #REF! | M19: Idem que sans TC2.
B20: Trafic du Mali | C20: Net | D20: 688408.36 | E20: ='NON-RESPECT_ENGA_TRANSBO_TC2'!D20 -> 1528915 | F20: =(E20/D20-1)*100 -> 122.09419 | G20: ='NON-RESPECT_ENGA_TRANSBO_TC2'!G20 -> 0 | H20: =(G20/E20-1)*100 -> -100 | I20: ='NON-RESPECT_ENGA_TRANSBO_TC2'!I20 -> 0 | J20: =(I20/E20-1)*100 -> -100 | K20: ='NON-RESPECT_ENGA_TRANSBO_TC2'!#REF! -> #REF! | L20: =(K20/E20-1)*100 -> #REF! | M20: Idem que sans TC2.
C21: Brut | D21: 717848.76 | E21: ='NON-RESPECT_ENGA_TRANSBO_TC2'!D21 -> 1599821 | F21: =(E21/D21-1)*100 -> 122.86324 | G21: ='NON-RESPECT_ENGA_TRANSBO_TC2'!G21 -> 0 | H21: =(G21/E21-1)*100 -> -100 | I21: ='NON-RESPECT_ENGA_TRANSBO_TC2'!I21 -> 0 | J21: =(I21/E21-1)*100 -> -100 | K21: ='NON-RESPECT_ENGA_TRANSBO_TC2'!#REF! -> #REF! | L21: =(K21/E21-1)*100 -> #REF! | M21: Idem que sans TC2.
B22: Trafic global de transbordement | C22: Net | D22: 470080.27 | E22: =E24+E26 -> #REF! | F22: =(E22/D22-1)*100 -> #REF! | G22: =G24+G26 -> #REF! | H22: =(G22/E22-1)*100 -> #REF! | I22: =I24+I26 -> #REF! | J22: =(I22/E22-1)*100 -> #REF! | K22: =K24+K26 -> #REF! | L22: =(K22/E22-1)*100 -> #REF! | M22: Somme des composantes.
C23: Brut | D23: 507240.47 | E23: =E25+E26 -> #REF! | F23: =(E23/D23-1)*100 -> #REF! | G23: =G25+G26 -> #REF! | H23: =(G23/E23-1)*100 -> #REF! | I23: =I25+I26 -> #REF! | J23: =(I23/E23-1)*100 -> #REF! | K23: =K25+K26 -> #REF! | L23: =(K23/E23-1)*100 -> #REF! | M23: Somme des composantes.
B24: Transbordement conteneurisé | C24: Net | D24: 207329.63 | E24: ='NON-RESPECT_ENGA_TRANSBO_TC2'!D22*#REF!+14*264705.882352941/6 -> #REF! | F24: =(E24/D24-1)*100 -> #REF! | G24: =14*285882.352941176 -> 4002352.9 | H24: =(G24/E24-1)*100 -> #REF! | I24: =G24 -> 4002352.9 | J24: =(I24/E24-1)*100 -> #REF! | K24: =G24 -> 4002352.9 | L24: =(K24/E24-1)*100 -> #REF! | M24: En 2022, part du trafic de transbordement conteneurisé dans le trafic total de transbordement+1/6 du trafic des conteneurs pleins transbordés de la 1ère année du BP du TC2 en considerant qu'un conteneur plein de 20 EVP contient en moyenne 14 tonnes de marchandises. En 2023, tout le transbordement conteneurisé se fait au TC2 en considérant qu'un conteneur plein de 20 EVP contient en moyenne 14 tonnes de marchandises.
C25: Brut | D25: 244489.83 | E25: =#REF!+E24+264705.882352941/6*2.2 -> #REF! | F25: =(E25/D25-1)*100 -> #REF! | G25: =G24+285882.352941176*2.2 -> 4631294.1 | H25: =(G25/E25-1)*100 -> #REF! | I25: =G25 -> 4631294.1 | J25: =(I25/E25-1)*100 -> #REF! | K25: =G25 -> 4631294.1 | L25: =(K25/E25-1)*100 -> #REF! | M25: En 2022, trafic sans TC2+trafic net de conteneurs pleins transbordés+1/6 de la tare l'engagement de trafic des conteneurs pleins transbordés de la 1ère année du BP du TC2. En 2023, à partir de la prévision 2023 du trafic de transbordement conteneurisé net et de celui de la tare totale des conteneurs pleins transbordés.
B26: Transbordement non conteneurisé | C26: Net | D26: 262750.64 | E26: ='NON-RESPECT_ENGA_TRANSBO_TC2'!D22*#REF! -> #REF! | F26: =(E26/D26-1)*100 -> #REF! | G26: ='NON-RESPECT_ENGA_TRANSBO_TC2'!G22*#REF! -> #REF! | H26: =(G26/E26-1)*100 -> #REF! | I26: ='NON-RESPECT_ENGA_TRANSBO_TC2'!I22*#REF! -> #REF! | J26: =(I26/E26-1)*100 -> #REF! | K26: ='NON-RESPECT_ENGA_TRANSBO_TC2'!#REF!*#REF! -> #REF! | L26: =(K26/E26-1)*100 -> #REF! | M26: Idem que sans TC2 en appliquant la structure à fin juin 2022.
B27: Trafic global de conteneurs | C27: Teu total | D27: 787314 | E27: =#REF!+#REF!+#REF!+1027002.78360387/6 -> #REF! | F27: =(E27/D27-1)*100 -> #REF! | G27: =G28+G29 -> 486000 | H27: =(G27/E27-1)*100 -> #REF! | I27: =I28+I29 -> 486000 | J27: =(I27/E27-1)*100 -> #REF! | K27: =K28+K29 -> #REF! | L27: =(K27/E27-1)*100 -> #REF! | M27: En 2022, trafic total prévisionnel sans TC2 à fin octobre+trafic prévisionel sans TC2 des conteneurs non transbordés en nov. et en déc. 2022+1/6 de l'engagement de trafic total de conteneurs en TEU de la 1ère année dans le BP du TC2. Somme des composantes en 2023.
C28: Teu non transbordés | D28: 770423 | E28: =E27-E29 -> #REF! | F28: =(E28/D28-1)*100 -> #REF! | G28: ='NON-RESPECT_ENGA_TRANSBO_TC2'!G28 -> 0 | H28: =(G28/E28-1)*100 -> #REF! | I28: ='NON-RESPECT_ENGA_TRANSBO_TC2'!I28 -> 0 | J28: =(I28/E28-1)*100 -> #REF! | K28: ='NON-RESPECT_ENGA_TRANSBO_TC2'!#REF! -> #REF! | L28: =(K28/E28-1)*100 -> #REF! | M28: Différence en 2022 et en 2023, idem que sans TC2.
C29: Teu transbordés | D29: 16891 | E29: =#REF!+264705.882352941/6+185294.117647059/6 -> #REF! | F29: =(E29/D29-1)*100 -> #REF! | G29: =285882.352941176+200117.647058824 -> 486000 | H29: =(G29/E29-1)*100 -> #REF! | I29: =G29 -> 486000 | J29: =(I29/E29-1)*100 -> #REF! | K29: =G29 -> 486000 | L29: =(K29/E29-1)*100 -> #REF! | M29: En 2022, trafic prévisionnel à fin octobre+1/6 de l'engagement de trafic de conteneurs transbordés en TEU de la 1ère année dans le BP du TC2 et en 2023, l'engagement de trafic de conteneurs transbordés en TEU de la 2ième année dans le BP du TC2.

Sheet NON-RESPECT_ENGA_TRANSBO_TC2
B2: TRAFICS | D2: Trafics réalisés en 2025 | E2: Trafics prévisionnels 2026 | F2: Variation 26/25 % | G2: Scénario de référence du PND | I2: Scénario 1 du PND | K2: Scénario 2 du PND | M2: Scénario 2 du PND | O2: Hypothèses de trafics 2024 et 2025
G3: Trafics prévisionnels 2026 | H3: Variation 26/25 % | I3: Trafics prévisionnels 2026 | J3: Variation 26/25 % | K3: Trafics prévisionnels 2026 | L3: Variation 26/25 % | M3: Trafics prévisionnels 2027 | N3: Variation 27/26 %
B4: Trafic global de navires | C4: Nombre total d'escales | D4: ='Trafic mens2025'!O52 -> 2748 | E4: =ANNUEL!N6 -> 2858.4504 | F4: =(E4/D4-1)*100 -> 4.0193014 | G4: =G7/REPARTITION!J19 -> 458.81166 | H4: =(G4/E4-1)*100 -> -83.948938 | I4: =I7/REPARTITION!J19 -> 458.81166 | J4: =(I4/E4-1)*100 -> -83.948938 | K4: =K7/REPARTITION!J19 -> 458.81166 | L4: =(K4/E4-1)*100 -> -83.948938 | M4: =M7/REPARTITION!J24 -> 458.51978 | N4: =(M4/K4-1)*100 -> -0.063615272 | O4: Tonnage moyen de 2024+Moyenne de la variation absolue du tonnage moyen sur les deux dernières années
C5: Port de Commerce | D5: ='Trafic mens2025'!O29 -> 2340 | E5: =E4*'Trafic mens2026'!P29 -> 2446.3425 | F5: =(E5/D5-1)*100 -> 4.5445522 | G5: =G4*REPARTITION!K8 -> 404.32518 | H5: =(G5/E5-1)*100 -> -83.472258 | I5: =I4*REPARTITION!K8 -> 404.32518 | J5: =(I5/E5-1)*100 -> -83.472258 | K5: =K4*REPARTITION!K8 -> 404.32518 | L5: =(K5/E5-1)*100 -> -83.472258 | M5: =M4*REPARTITION!K12 -> 410.88065 | N5: =(M5/K5-1)*100 -> 1.621335 | O5: Part de 2024 des escales du Port de Commerce dans le trafic global d'escales+Moyenne de la variation absolue de la part des escales du Port de Commerce dans le trafic global d'escales sur les quatre dernières années.
C6: Terminal à Pêche | D6: ='Trafic mens2025'!O43 -> 408 | E6: =E4*'Trafic mens2026'!P43 -> 412.10788 | F6: =(E6/D6-1)*100 -> 1.0068333 | G6: =G4-G5 -> 54.486479 | H6: =(G6/E6-1)*100 -> -86.778588 | I6: =I4-I5 -> 54.486479 | J6: =(I6/E6-1)*100 -> -86.778588 | K6: =K4-K5 -> 54.486479 | L6: =(K6/E6-1)*100 -> -86.778588 | M6: =M4-M5 -> 47.639139 | N6: =(M6/K6-1)*100 -> -12.567044 | O6: Différence entre le trafic global d'escales et le trafic d'escales du Port de Commerce.
B7: Trafic global | C7: Net | D7: ='Trafic mens2025'!O73 -> 46935601 | E7: =ANNUEL!N18 -> 48477431 | F7: =(E7/D7-1)*100 -> 3.2849895 | G7: =G11+G16+G22 -> 8464099.2 | H7: =(G7/E7-1)*100 -> -82.540124 | I7: =I11+I16+I22 -> 8464099.2 | J7: =(I7/E7-1)*100 -> -82.540124 | K7: =K11+K16+K22 -> 8464099.2 | L7: =(K7/E7-1)*100 -> -82.540124 | M7: =M11+M16+M22 -> 9141236.8 | N7: =(M7/K7-1)*100 -> 8.0001143 | O7: Somme des composantes.
C8: Brut | D8: ='Stats exo 2025brute'!F83 -> 50696079 | E8: =E7+E27*2.2 -> 52578006 | F8: =(E8/D8-1)*100 -> 3.7121743 | G8: =G7+G27*2.2 -> 9616756.7 | H8: =(G8/E8-1)*100 -> -81.709545 | I8: =I7+I27*2.2 -> 9616756.7 | J8: =(I8/E8-1)*100 -> -81.709545 | K8: =K7+K27*2.2 -> 9616756.7 | L8: =(K8/E8-1)*100 -> -81.709545 | M8: =M7+M27*2.2 -> 10385884 | N8: =(M8/K8-1)*100 -> 7.99778 | O8: A partir des prévisions du trafic net global et de la tare totale des conteneurs
B9: Trafic des produits pétroliers sans le transbordement du PC | C9: Net | D9: ='Trafic mens2025'!O104 -> 11362292 | E9: =E14/'Trafic mens2026'!Q720 -> 10776386 | F9: =(E9/D9-1)*100 -> -5.1565803 | G9: =G7*'Trafic mens2026'!$Q$104 -> 1879315.3 | H9: =(G9/E9-1)*100 -> -82.560803 | I9: =I7*'Trafic mens2026'!$Q$104 -> 1879315.3 | J9: =(I9/E9-1)*100 -> -82.560803 | K9: =K7*'Trafic mens2026'!$Q$104 -> 1879315.3 | L9: =(K9/E9-1)*100 -> -82.560803 | M9: =M7*'Trafic mens2026'!$Q$104 -> 2029662.6 | N9: =(M9/K9-1)*100 -> 8.0001143 | O9: A partir de la part fin mai 2024 du trafic net national et transit des produits pétroliers dans le trafic global
B10: Trafic des produits de pêche sans le transbordement du PC | C10: Net | D10: ='Trafic mens2025'!Q238 -> 991846.29 | E10: =E15/'Trafic mens2026'!Q722 -> 1097958.2 | F10: =(E10/D10-1)*100 -> 10.698425 | G10: =G7*'Trafic mens2026'!$Q$106 -> 199336.15 | H10: =(G10/E10-1)*100 -> -81.844833 | I10: =I7*'Trafic mens2026'!$Q$106 -> 199336.15 | J10: =(I10/E10-1)*100 -> -81.844833 | K10: =K7*'Trafic mens2026'!$Q$106 -> 199336.15 | L10: =(K10/E10-1)*100 -> -81.844833 | M10: =M7*'Trafic mens2026'!$Q$106 -> 215283.27 | N10: =(M10/K10-1)*100 -> 8.0001143 | O10: A partir de la part fin mai 2024 du trafic net national, transit et transbordement TP des produits de pêche dans le trafic global
B11: Trafic global national | C11: Net | D11: ='Trafic mens2025'!O718 -> 34475188 | E11: =E7*'Trafic mens2026'!P1069 -> 34208355 | F11: =(E11/D11-1)*100 -> -0.77398451 | H11: =(G11/E11-1)*100 -> -100 | J11: =(I11/E11-1)*100 -> -100 | L11: =(K11/E11-1)*100 -> -100 | N11: =(M11/K11-1)*100 -> #DIV/0! | O11: Modèle économétrique avec variables explicatives : dum2010, dum2011, dum2012, dum2020, PIB CI
C12: Brut | D12: ='Stats exo 2025brute'!F85 -> 36923645 | E12: =E27*'Trafic mens2026'!Q1239*2.2+E11 -> 36774393 | F12: =(E12/D12-1)*100 -> -0.4042172 | G12: =G28*'Trafic mens2026'!$S$1239*2.2+G11 -> 0 | H12: =(G12/E12-1)*100 -> -100 | I12: =I28*'Trafic mens2026'!$S$1239*2.2+I11 -> 0 | J12: =(I12/E12-1)*100 -> -100 | K12: =K28*'Trafic mens2026'!$S$1239*2.2+K11 -> 0 | L12: =(K12/E12-1)*100 -> -100 | M12: =M28*'Trafic mens2026'!$S$1239*2.2+M11 -> 0 | N12: =(M12/K12-1)*100 -> #DIV/0! | O12: A partir des prévisions du trafic net national et de la tare des conteneurs destinés au national.
B13: Trafic national des marchandises générales | C13: Net | D13: ='Trafic mens2025'!O721 -> 22223124 | E13: =(E11-E15)*'Trafic mens2026'!R721 -> 22473574 | F13: =(E13/D13-1)*100 -> 1.126979 | G13: =$G$11*REPARTITION!J71 -> 0 | H13: =(G13/E13-1)*100 -> -100 | I13: =$I$11*REPARTITION!J71 -> 0 | J13: =(I13/E13-1)*100 -> -100 | K13: =K11*REPARTITION!J71 -> 0 | L13: =(K13/E13-1)*100 -> -100 | M13: =M11*REPARTITION!J76 -> #DIV/0! | N13: =(M13/K13-1)*100 -> #DIV/0! | O13: Tendance des 2 dernières années
B14: Trafic national des produits pétroliers | C14: Net | D14: ='Trafic mens2025'!O720 -> 11341875 | E14: =(E11-E15)*'Trafic mens2026'!R720 -> 10746788 | F14: =(E14/D14-1)*100 -> -5.2468124 | G14: =$G$11*REPARTITION!J72 -> 0 | H14: =(G14/E14-1)*100 -> -100 | I14: =$I$11*REPARTITION!J72 -> 0 | J14: =(I14/E14-1)*100 -> -100 | K14: =K11*REPARTITION!J72 -> 0 | L14: =(K14/E14-1)*100 -> -100 | M14: =M11*REPARTITION!J77 -> #DIV/0! | N14: =(M14/K14-1)*100 -> #DIV/0! | O14: Tendance des 2 dernières années
B15: Trafic national des produits de pêche | C15: Net | D15: ='Trafic mens2025'!O722 -> 910188.95 | E15: =E11*REPARTITION!J67 -> 987993.28 | F15: =(E15/D15-1)*100 -> 8.5481518 | G15: =$G$11*REPARTITION!J73 -> 0 | H15: =(G15/E15-1)*100 -> -100 | I15: =$I$11*REPARTITION!J73 -> 0 | J15: =(I15/E15-1)*100 -> -100 | K15: =K11*REPARTITION!J73 -> 0 | L15: =(K15/E15-1)*100 -> -100 | M15: =M11*REPARTITION!J78 -> #DIV/0! | N15: =(M15/K15-1)*100 -> #DIV/0! | O15: Tendance des 2 dernières années
B16: Trafic global de transit | C16: Net | D16: ='Trafic mens2025'!O763 -> 3938707.5 | E16: =E7*'Trafic mens2026'!P1077 -> 4362068.1 | F16: =(E16/D16-1)*100 -> 10.74872 | H16: =(G16/E16-1)*100 -> -100 | J16: =(I16/E16-1)*100 -> -100 | L16: =(K16/E16-1)*100 -> -100 | N16: =(M16/K16-1)*100 -> #DIV/0! | O16: Modèle économétrique avec variables explicatives : dum2003, dum2009, dum2010, dum2011, dum2012, dum2016, dum2018, dum2023, PIB ML
C17: Brut | D17: ='Stats exo 2025brute'!F87 -> 4102097.1 | E17: =E27*'Trafic mens2026'!Q1241*2.2+E16 -> 4549783.7 | F17: =(E17/D17-1)*100 -> 10.913604 | G17: =G28*'Trafic mens2026'!$S$1241*2.2+G16 -> 0 | H17: =(G17/E17-1)*100 -> -100 | I17: =I28*'Trafic mens2026'!$S$1241*2.2+I16 -> 0 | J17: =(I17/E17-1)*100 -> -100 | K17: =K28*'Trafic mens2026'!$S$1241*2.2+K16 -> 0 | L17: =(K17/E17-1)*100 -> -100 | M17: =M28*'Trafic mens2026'!$S$1241*2.2+M16 -> 0 | N17: =(M17/K17-1)*100 -> #DIV/0! | O17: A partir des prévisions du trafic net de transit et de la tare des conteneurs destinés au transit.
B18: Trafic du Burkina Faso | C18: Net | D18: ='Trafic mens2025'!O765 -> 2366684.9 | E18: =E16*REPARTITION!J82 -> 3163551.6 | F18: =(E18/D18-1)*100 -> 33.670165 | G18: =G16*REPARTITION!J87 -> 0 | H18: =(G18/E18-1)*100 -> -100 | I18: =I16*REPARTITION!J87 -> 0 | J18: =(I18/E18-1)*100 -> -100 | K18: =K16*REPARTITION!J87 -> 0 | L18: =(K18/E18-1)*100 -> -100 | M18: =M16*REPARTITION!J91 -> #DIV/0! | N18: =(M18/K18-1)*100 -> #DIV/0! | O18: Moyenne des parts dans le trafic net de transit du BF sur les 3 dernières années
C19: Brut | D19: ='Stats exo 2025brute'!F143 -> 2456519.7 | E19: =E27*'Trafic mens2026'!Q1241*'Trafic mens2026'!Q1244*2.2+E18 -> 3248373.9 | F19: =(E19/D19-1)*100 -> 32.2348 | G19: =G28*'Trafic mens2026'!$S$1241*'Trafic mens2026'!$Q$1244*2.2+G18 -> 0 | H19: =(G19/E19-1)*100 -> -100 | I19: =I28*'Trafic mens2026'!$S$1241*'Trafic mens2026'!$Q$1244*2.2+I18 -> 0 | J19: =(I19/E19-1)*100 -> -100 | K19: =K28*'Trafic mens2026'!$S$1241*'Trafic mens2026'!$Q$1244*2.2+K18 -> 0 | L19: =(K19/E19-1)*100 -> -100 | M19: =M28*'Trafic mens2026'!$S$1241*'Trafic mens2026'!$Q$1244*2.2+M18 -> #DIV/0! | N19: =(M19/K19-1)*100 -> #DIV/0! | O19: A partir des prévisions du trafic net du Burkina Faso et de la tare des conteneurs destinés au Burkina Faso.
B20: Trafic du Mali | C20: Net | D20: ='Trafic mens2025'!O766 -> 1528915 | E20: =E16*REPARTITION!J83 -> 1179319.7 | F20: =(E20/D20-1)*100 -> -22.86558 | G20: =G16*REPARTITION!J88 -> 0 | H20: =(G20/E20-1)*100 -> -100 | I20: =I16*REPARTITION!J88 -> 0 | J20: =(I20/E20-1)*100 -> -100 | K20: =K16*REPARTITION!J88 -> 0 | L20: =(K20/E20-1)*100 -> -100 | M20: =M16*REPARTITION!J92 -> #DIV/0! | N20: =(M20/K20-1)*100 -> #DIV/0! | O20: Moyenne des parts dans le trafic net de transit du Mali sur les 3 dernières années
C21: Brut | D21: ='Stats exo 2025brute'!F144 -> 1599821 | E21: =E27*'Trafic mens2026'!Q1241*'Trafic mens2026'!Q1245*2.2+E20 -> 1278313.2 | F21: =(E21/D21-1)*100 -> -20.096484 | G21: =G28*'Trafic mens2026'!$S$1241*'Trafic mens2026'!$Q$1245*2.2+G20 -> 0 | H21: =(G21/E21-1)*100 -> -100 | I21: =I28*'Trafic mens2026'!$S$1241*'Trafic mens2026'!$Q$1245*2.2+I20 -> 0 | J21: =(I21/E21-1)*100 -> -100 | K21: =K28*'Trafic mens2026'!$S$1241*'Trafic mens2026'!$Q$1245*2.2+K20 -> 0 | L21: =(K21/E21-1)*100 -> -100 | M21: =M28*'Trafic mens2026'!$S$1241*'Trafic mens2026'!$Q$1245*2.2+M20 -> #DIV/0! | N21: =(M21/K21-1)*100 -> #DIV/0! | O21: A partir des prévisions du trafic net du Mali et de la tare des conteneurs destinés au Mali.
B22: Trafic global de transbordement | C22: Net | D22: ='Trafic mens2025'!O739 -> 8521705.6 | E22: =E7*'Trafic mens2026'!P1075 -> 9907007.2 | F22: =(E22/D22-1)*100 -> 16.256153 | G22: =G24/'Trafic mens2026'!$Q$739 -> 8464099.2 | H22: =(G22/E22-1)*100 -> -14.564519 | I22: =I24/'Trafic mens2026'!$Q$739 -> 8464099.2 | J22: =(I22/E22-1)*100 -> -14.564519 | K22: =K24/'Trafic mens2026'!$Q$739 -> 8464099.2 | L22: =(K22/E22-1)*100 -> -14.564519 | M22: =M24/'Trafic mens2026'!$Q$739 -> 9141236.8 | N22: =(M22/K22-1)*100 -> 8.0001143 | O22: A partir de la part fin mai 2024 du transbordement conteneurisé appliqué au trafic dans le BP du TC2
C23: Brut | D23: ='Stats exo 2025brute'!F86 -> 9670336.6 | E23: =E27*'Trafic mens2026'!Q1240*2.2+E22 -> 11253829 | F23: =(E23/D23-1)*100 -> 16.374734 | G23: =G25+G26 -> 9616756.7 | H23: =(G23/E23-1)*100 -> -14.546799 | I23: =I25+I26 -> 9616756.7 | J23: =(I23/E23-1)*100 -> -14.546799 | K23: =K25+K26 -> 9616756.7 | L23: =(K23/E23-1)*100 -> -14.546799 | M23: =M25+M26 -> 10385884 | N23: =(M23/K23-1)*100 -> 7.99778 | O23: Somme des composantes.
B24: Transbordement conteneurisé | C24: Net | D24: =+D22*'Trafic mens2025'!Q739 -> 8434222.4 | E24: =E22*'Trafic mens2026'!$Q$739 -> 9810073.9 | F24: =(E24/D24-1)*100 -> 16.312725 | G24: =16*G29 -> 8381283.8 | H24: =(G24/$E24-1)*100 -> -14.564519 | I24: =16*I29 -> 8381283.8 | J24: =(I24/$E24-1)*100 -> -14.564519 | K24: =16*K29 -> 8381283.8 | L24: =(K24/$E24-1)*100 -> -14.564519 | M24: =16*M29 -> 9051796.1 | N24: =(M24/K24-1)*100 -> 8.0001143 | O24: On fait les hypothèses que tout le transbordement conteneurisé se fait au TC2 à partir de 2023 et qu'un conteneur plein d'un EVP contient en moyenne 17 tonnes de marchandises, sachant qu'on a un engagement de 285882,352941176 EVP pleins transbordés dans le BP du TC2 la 2ième année et 308752,94117647 EVP pleins transbordés la 3ième année.
C25: Brut | D25: =D23-D26 -> 9582853.4 | E25: =E23-E26 -> 11156895 | F25: =(E25/D25-1)*100 -> 16.425608 | G25: =G24+2.2*(G29+G30) -> 9533941.3 | H25: =(G25/$E25-1)*100 -> -14.546645 | I25: =I24+2.2*(I29+I30) -> 9533941.3 | J25: =(I25/$E25-1)*100 -> -14.546645 | K25: =K24+2.2*(K29+K30) -> 9533941.3 | L25: =(K25/$E25-1)*100 -> -14.546645 | M25: =M24+2.2*(M29+M30) -> 10296443 | N25: =(M25/K25-1)*100 -> 7.9977598 | O25: A partir de la prévision du trafic de transbordement conteneurisé net et de celle de la tare totale des conteneurs pleins transbordés.
B26: Transbordement non conteneurisé | C26: Net | D26: =D22-D24 -> 87483.203 | E26: =E22-E24 -> 96933.227 | F26: =(E26/D26-1)*100 -> 10.802101 | G26: =G22-G24 -> 82815.368 | H26: =(G26/$E26-1)*100 -> -14.564519 | I26: =I22-I24 -> 82815.368 | J26: =(I26/$E26-1)*100 -> -14.564519 | K26: =K22-K24 -> 82815.368 | L26: =(K26/$E26-1)*100 -> -14.564519 | M26: =M22-M24 -> 89440.692 | N26: =(M26/K26-1)*100 -> 8.0001143 | O26: Déduction
B27: Trafic global de conteneurs | C27: Teu total | D27: ='Trafic mens2025'!O1201 -> 1709308 | E27: =ANNUEL!N62 -> 1863897.7 | F27: =(E27/D27-1)*100 -> 9.0439914 | G27: =G28+G29+G30 -> 523935.22 | H27: =(G27/E27-1)*100 -> -71.890344 | I27: =I28+I29+I30 -> 523935.22 | J27: =(I27/E27-1)*100 -> -71.890344 | K27: =K28+K29+K30 -> 523935.22 | L27: =(K27/E27-1)*100 -> -71.890344 | M27: =M28+M29+M30 -> 565748.6 | N27: =(M27/K27-1)*100 -> 7.9806392 | O27: Somme des composantes.
C28: Teu non transbordés | D28: ='Trafic mens2025'!O1203+'Trafic mens2025'!O1204 -> 1187203 | E28: =E27-E29 -> 1254326.3 | F28: =(E28/D28-1)*100 -> 5.6539046 | H28: =(G28/E28-1)*100 -> -100 | J28: =(I28/E28-1)*100 -> -100 | L28: =(K28/E28-1)*100 -> -100 | N28: =(M28/K28-1)*100 -> #DIV/0! | O28: Modèle économétrique avec variables explicatives : dum1999, dum2003, dum2004, dum2005, dum2006, dum2009, dum2023, PIB CIV, PIB ML.
C29: Teu pleins transbordés | D29: ='Trafic mens2025'!O1318 -> 516271 | E29: =ANNUEL!N74*'Trafic mens2026'!Q1318 -> 609571.34 | F29: =(E29/SUM(D29)-1)*100 -> 18.071971 | G29: =REPARTITION!L46*1 -> 523830.24 | H29: =(G29/E29-1)*100 -> -14.065803 | I29: =G29 -> 523830.24 | J29: =(I29/E29-1)*100 -> -14.065803 | K29: =I29 -> 523830.24 | L29: =(K29/E29-1)*100 -> -14.065803 | M29: =REPARTITION!M46 -> 565737.26 | N29: =(M29/K29-1)*100 -> 8.0001143 | O29: Engagement de la 3ième année de trafic de conteneurs pleins transbordés en TEU dans le BP du TC2.
C30: Teu vides transbordés | D30: ='Trafic mens2025'!O1307 -> 5834 | E30: =ANNUEL!N74*'Trafic mens2026'!Q1307 -> 1580.7511 | F30: =(E30/SUM(D30)-1)*100 -> -72.904506 | G30: =REPARTITION!L47*0.1 -> 104.976 | H30: =(G30/E30-1)*100 -> -93.359106 | I30: =G30 -> 104.976 | J30: =(I30/E30-1)*100 -> -93.359106 | K30: =I30 -> 104.976 | L30: =(K30/E30-1)*100 -> -93.359106 | M30: =REPARTITION!M47*0.01 -> 11.33742 | N30: =(M30/K30-1)*100 -> -89.199989 | O30: 1% de l'engagement de la 3ième année de trafic de conteneurs vides transbordés en TEU dans le BP du TC2.
B31: Disclaimer : les prévisions actualisées de 2024 et les projections de 2025 et de 2026 présentées ci-dessus ont été faites sur la base des données réalisées à fin mai 2024 et les annoncé op de Juin à Sept. Elles seront donc caduques en fin d’année 2024 lorsque nous aurons la totalité données réalisées de 2024. Nous aurons des prévisions plus fiables en fin d’année ; celles-ci sont donc à considérer comme provisoires.
F34: BUSINESS PLAN TC2 | G34: 2025 | H34: 2026 | I34: 2027 | J34: 2028 | K34: 2029 | L34: 2030
E35: ENGAGEMENT | F35: TEU TRANSBO | G35: 486000 | H35: 524880 | I35: 566871 | J35: 612221 | K35: 661199 | L35: 714095
G36: 2025 | H36: 2026 | I36: 2027 | J36: 2028 | K36: 2029 | L36: 2030
F37: CNT PLEIN | G37: =+G35*0.97 -> 471420 | H37: =+H35*0.97 -> 509133.6 | I37: =+I35*0.97 -> 549864.87 | J37: =+J35*0.97 -> 593854.37 | K37: =+K35*0.97 -> 641363.03 | L37: =+L35*0.97 -> 692672.15
F38: TRANSBO CONT | G38: =+G37*17 -> 8014140 | H38: =+H37*17 -> 8655271.2 | I38: =+I37*17 -> 9347702.8 | J38: =+J37*17 -> 10095524 | K38: =+K37*17 -> 10903172 | L38: =+L37*17 -> 11775427
F39: TRANSBO | G39: =G38/'Trafic mens2026'!$Q$739 -> 8093327.6 | H39: =H38/'Trafic mens2026'!$Q$739 -> 8740793.8 | I39: =I38/'Trafic mens2026'!$Q$739 -> 9440067.3 | J39: =J38/'Trafic mens2026'!$Q$739 -> 10195278 | K39: =K38/'Trafic mens2026'!$Q$739 -> 11010906 | L39: =L38/'Trafic mens2026'!$Q$739 -> 11891779
G41: 8853864.2 | H41: 9296557.5 | I41: 9762975.2 | J41: 10252797 | K41: 10677022 | L41: 11097308

Sheet REPARTITION
A2: TRAFIC ESCALES DE NAVIRES (En Nbre)
B3: 2019 | C3: 2020 | D3: 2021 | E3: 2022 | F3: 2023 | G3: 2024 | H3: 2025 | I3: 2026
A4: ESCALES NAVIRES | B4: 2539 | C4: 2321 | D4: 2331 | E4: 2268 | F4: 2482 | G4: ='NON-RESPECT_ENGA_TRANSBO_TC2'!D4 -> 2748 | H4: ='NON-RESPECT_ENGA_TRANSBO_TC2'!E4 -> 2858.4504 | I4: ='NON-RESPECT_ENGA_TRANSBO_TC2'!K4 -> 458.81166
A5: Port de commerce | B5: 1690 | C5: 1626 | D5: 1700 | E5: 1707 | F5: 1998 | G5: ='NON-RESPECT_ENGA_TRANSBO_TC2'!D5 -> 2340 | H5: ='NON-RESPECT_ENGA_TRANSBO_TC2'!E5 -> 2446.3425 | I5: ='NON-RESPECT_ENGA_TRANSBO_TC2'!K5 -> 404.32518
A6: Port de pêche | B6: 849 | C6: 695 | D6: 631 | E6: 561 | F6: 484 | G6: ='NON-RESPECT_ENGA_TRANSBO_TC2'!D6 -> 408 | H6: ='NON-RESPECT_ENGA_TRANSBO_TC2'!E6 -> 412.10788 | I6: ='NON-RESPECT_ENGA_TRANSBO_TC2'!K6 -> 54.486479
A7: part | B7: =B5/B4 -> 0.66561638 | C7: =C5/C4 -> 0.7005601 | D7: =D5/D4 -> 0.72930073 | E7: =E5/E4 -> 0.7526455 | F7: =F5/F4 -> 0.80499597 | G7: =G5/G4 -> 0.85152838 | H7: =H5/H4 -> 0.85582822 | I7: =I5/I4 -> 0.88124435 | L7: 2026
B8: =B6/B4 -> 0.33438362 | C8: =C6/C4 -> 0.2994399 | D8: =D6/D4 -> 0.27069927 | E8: =E6/E4 -> 0.2473545 | F8: =F6/F4 -> 0.19500403 | G8: =G6/G4 -> 0.14847162 | H8: =H6/H4 -> 0.14417178 | I8: =I6/I4 -> 0.11875565 | K8: =H7+J9 -> 0.88124435 | L8: Part de 2023 des escales du Port de Commerce dans le trafic global d'escales+Moyenne de la variation absolue de la part des escales du Port de Commerce dans le trafic global d'escales sur les trois dernières années.
A9: V° des parts | C9: =C7-B7 -> 0.034943719 | D9: =D7-C7 -> 0.028740626 | E9: =E7-D7 -> 0.023344773 | F9: =F7-E7 -> 0.052350468 | G9: =G7-F7 -> 0.046532413 | H9: =H7-G7 -> 0.0042998366 | I9: =I7-H7 -> 0.025416125 | J9: =AVERAGE(G9:H9) -> 0.025416125 | K9: =1-K8 -> 0.11875565
C10: =C8-B8 -> -0.034943719 | D10: =D8-C8 -> -0.028740626 | E10: =E8-D8 -> -0.023344773 | F10: =F8-E8 -> -0.052350468 | G10: =G8-F8 -> -0.046532413 | H10: =H8-G8 -> -0.0042998366 | I10: =I8-H8 -> -0.025416125 | J10: =AVERAGE(G10:H10) -> -0.025416125
L11: 2027
G12: ='NON-RESPECT_ENGA_TRANSBO_TC2'!D7 -> 46935601 | J12: =AVERAGE(H9:I9) -> 0.014857981 | K12: =J12+I7 -> 0.89610233 | L12: Part de 2024 des escales du Port de Commerce dans le trafic global d'escales+Moyenne de la variation absolue de la part des escales du Port de Commerce dans le trafic global d'escales sur les trois dernières années.
K13: =1-K12 -> 0.10389767
B15: 2019 | C15: 2020 | D15: 2021 | E15: 2022 | F15: 2023 | G15: 2024 | H15: 2025 | I15: 2026
A16: TRAFIC GLOBAL | B16: 25738345 | C16: 25350923 | D16: 28313869 | E16: 28669102 | F16: 34704000 | G16: ='NON-RESPECT_ENGA_TRANSBO_TC2'!D7 -> 46935601 | H16: ='NON-RESPECT_ENGA_TRANSBO_TC2'!E7 -> 48477431 | I16: ='NON-RESPECT_ENGA_TRANSBO_TC2'!K7 -> 8464099.2
A17: ESCALES NAVIRES | B17: 2539 | C17: 2321 | D17: 2331 | E17: 2268 | F17: 2482 | G17: =G4 -> 2748 | H17: =H4 -> 2858.4504 | I17: =I4 -> 458.81166
A18: V ° TRAFIC | C18: =C16/B16-1 -> -0.015052352 | D18: =D16/C16-1 -> 0.11687725 | E18: =E16/D16-1 -> 0.012546276 | F18: =F16/E16-1 -> 0.2105018 | G18: =G16/F16-1 -> 0.35245508 | H18: =H16/G16-1 -> 0.032849895 | I18: =I16/G16-1 -> -0.81966569 | K18: 2026
A19: V ° ESCALES | C19: =C17/B17-1 -> -0.085860575 | D19: =D17/C17-1 -> 0.0043084877 | E19: =E17/D17-1 -> -0.027027027 | F19: =F17/E17-1 -> 0.094356261 | G19: =G17/F17-1 -> 0.10717164 | H19: =H17/G17-1 -> 0.040193014 | I19: =I17/H17-1 -> -0.83948938 | J19: =H20+J22 -> 18447.873 | K19: Tonnage moyen de 2023+Moyenne de la variation absolue du tonnage moyen sur les deux dernières années
A20: tonnage moyen/navire | B20: =B16/B17 -> 10137.198 | C20: =C16/C17 -> 10922.414 | D20: =D16/D17 -> 12146.662 | E20: =E16/E17 -> 12640.698 | F20: =F16/F17 -> 13982.272 | G20: =G16/G17 -> 17079.913 | H20: =H16/H17 -> 16959.339 | I20: =I16/I17 -> 18447.873
C21: =C20/B20-1 -> 0.077458888 | D21: =D20/C20-1 -> 0.11208584 | E21: =E20/D20-1 -> 0.040672561 | F21: =F20/E20-1 -> 0.10613138 | G21: =G20/F20-1 -> 0.22154057 | H21: =H20/G20-1 -> -0.0070593811 | I21: =I20/H20-1 -> 0.087770725
C22: =C20-B20 -> 785.21607 | D22: =D20-C20 -> 1224.248 | E22: =E20-D20 -> 494.03585 | F22: =F20-E20 -> 1341.5747 | G22: =G20-F20 -> 3097.6407 | H22: =H20-G20 -> -120.57362 | I22: =I20-H20 -> 1488.5335 | J22: =AVERAGE(G22:H22) -> 1488.5335 | K22: =AVERAGE(G22:I22) -> 1488.5335
J24: =K22+I20 -> 19936.407 | K24: 2027
K25: Tonnage moyen de 2024+Moyenne de la variation absolue du tonnage moyen sur les deux dernières années
B27: 2019 | C27: 2020 | D27: 2021 | E27: 2022 | F27: 2023 | G27: 2024 | H27: 2025 | I27: 2026
A28: TRAFIC GLOBAL | B28: 25738345 | C28: 25350923 | D28: 28313869 | E28: 28669102 | F28: 34704000 | G28: =G16 -> 46935601 | H28: =H16 -> 48477431 | I28: =I16 -> 8464099.2
A29: Trafic conteneurs en tonne | B29: 7532453 | C29: 8102939.2 | D29: 8515382.1 | E29: 8868123.4 | F29: 13642884 | G29: ='Trafic mens2025'!O1106 -> 19566896 | H29: =H16*'Trafic mens2026'!Q1106 -> 21334986 | I29: =I16*'Trafic mens2026'!Q1106 -> 3725062.1
A30: Trafic conteneurs en TEU | B30: 730827 | C30: 760149 | D30: 787314 | E30: 840426 | F30: 1238195 | G30: ='NON-RESPECT_ENGA_TRANSBO_TC2'!D27 -> 1709308 | H30: ='NON-RESPECT_ENGA_TRANSBO_TC2'!E27 -> 1863897.7 | I30: ='NON-RESPECT_ENGA_TRANSBO_TC2'!K27 -> 523935.22
A31: Conteneurs vides | B31: 192377 | C31: 183895 | D31: 163318 | E31: 193529 | F31: 313937 | G31: ='Trafic mens2025'!O1203 -> 397030 | H31: =H30-H33 -> 1254326.3 | I31: =I30-I33 -> 104.976
A32: Conteneurs pleins | B32: 538450 | C32: 576230 | D32: 623996 | E32: 632794 | F32: 677720 | G32: ='Trafic mens2025'!O1204 -> 790173
A33: Conteneurs transbordés | B33: 13217 | C33: 18383 | D33: 16891 | E33: 14103 | F33: 245752 | G33: ='NON-RESPECT_ENGA_TRANSBO_TC2'!D29 -> 516271 | H33: ='NON-RESPECT_ENGA_TRANSBO_TC2'!E29 -> 609571.34 | I33: ='NON-RESPECT_ENGA_TRANSBO_TC2'!K29 -> 523830.24
A34: Taux de conteneurisation | B34: =B29/B28 -> 0.29265491 | C34: =C29/C28 -> 0.31963094 | D34: =D29/D28 -> 0.30074951 | E34: =E29/E28 -> 0.30932686 | F34: =F29/F28 -> 0.39312138 | G34: =G29/G28 -> 0.41688816 | H34: =H29/H28 -> 0.44010143 | I34: =I29/I28 -> 0.44010143 | J34: =AVERAGE(C34:H34) -> 0.36330304
A35: part tonne | B35: =B29/B28 -> 0.29265491 | C35: =C29/C28 -> 0.31963094 | D35: =D29/D28 -> 0.30074951 | E35: =E29/E28 -> 0.30932686 | F35: =F29/F28 -> 0.39312138 | G35: =G29/G28 -> 0.41688816 | H35: =H29/H28 -> 0.44010143 | I35: =I29/I28 -> 0.44010143
A37: Part | B37: =B31/B$30 -> 0.26323193 | C37: =C31/C$30 -> 0.24191968 | D37: =D31/D$30 -> 0.20743693 | E37: =E31/E$30 -> 0.23027488 | F37: =F31/F$30 -> 0.25354407 | G37: =G31/G$30 -> 0.23227528 | H37: =H31/H$30 -> 0.67295879 | I37: =I31/I$30 -> 0.00020036065
B38: =B32/B$30 -> 0.73676807 | C38: =C32/C$30 -> 0.75804875 | D38: =D32/D$30 -> 0.79256307 | E38: =E32/E$30 -> 0.75294434 | F38: =F32/F$30 -> 0.54734513
B39: =B33/B$30 -> 0.018084991 | C39: =C33/C$30 -> 0.024183417 | D39: =D33/D$30 -> 0.021453956 | E39: =E33/E$30 -> 0.016780775 | F39: =F33/F$30 -> 0.19847601 | G39: =G33/G$30 -> 0.30203509 | H39: =H33/H$30 -> 0.32704121 | I39: =I33/I$30 -> 0.99979964
C40: =C33-B33 -> 5166 | D40: =D33-C33 -> -1492 | E40: =E33-D33 -> -2788 | F40: =F33-E33 -> 231649 | G40: =G33-F33 -> 270519 | H40: =H33-G33 -> 93300.343 | I40: =I33-G33 -> 7559.24 | K40: 2024 | L40: 2025
C41: =C33/B33-1 -> 0.39086026 | D41: =D33/C33-1 -> -0.081161943 | E41: =E33/D33-1 -> -0.16505832 | F41: =F33/E33-1 -> 16.425512 | G41: =G33/F33-1 -> 1.1007805 | H41: =H33/G33-1 -> 0.18071971 | I41: =I33/G33-1 -> 0.014642 | K41: Taux de respect de l'engagement de transbo
A42: Engament de transb | G42: 450000 | H42: 486000 | I42: 524880 | J42: plein | K42: ='NON-RESPECT_ENGA_TRANSBO_TC2'!D29/O46 -> 1.2747432 | L42: ='NON-RESPECT_ENGA_TRANSBO_TC2'!E29/K46 -> 1.2567756
J43: vide | K43: ='NON-RESPECT_ENGA_TRANSBO_TC2'!D30/O47 -> 0.12964444 | L43: ='NON-RESPECT_ENGA_TRANSBO_TC2'!E30/K47 -> 1.6262872
B44: 2019 | C44: 2020 | D44: 2021 | E44: 2022 | F44: 2023 | G44: 2024 | H44: 2025 | I44: 2026 | K44: Engagement transbo | P44: REALISE FIN AOUT
A45: TRAFIC GLOBAL | B45: 25738345 | C45: 25350923 | D45: 28313869 | E45: 28669102 | F45: 34704000 | G45: =G16 -> 46935601 | H45: =H16 -> 48477431 | I45: =I16 -> 8464099.2 | K45: 2025 | L45: 2026 | M45: 2027 | O45: 2024 | P45: PART 2024 | Q45: PART 2025
A46: Trafic national | B46: 23105376 | C46: 22479406 | D46: 24908065 | E46: 25217361 | F46: 27616893 | G46: ='NON-RESPECT_ENGA_TRANSBO_TC2'!D11 -> 34475188 | H46: ='NON-RESPECT_ENGA_TRANSBO_TC2'!E11 -> 34208355 | I46: ='NON-RESPECT_ENGA_TRANSBO_TC2'!K11 -> 0 | J46: plein | K46: =+K48*0.998 -> 485028 | L46: =+L48*0.998 -> 523830.24 | M46: =+M48*0.998 -> 565737.26 | O46: =+O48*0.9 -> 405000 | P46: =+'NON-RESPECT_ENGA_TRANSBO_TC2'!D29/('NON-RESPECT_ENGA_TRANSBO_TC2'!D29+'NON-RESPECT_ENGA_TRANSBO_TC2'!D30) -> 0.988826 | Q46: =+'NON-RESPECT_ENGA_TRANSBO_TC2'!E29/('NON-RESPECT_ENGA_TRANSBO_TC2'!E29+'NON-RESPECT_ENGA_TRANSBO_TC2'!E30) -> 0.99741349
A47: Trafic transit | B47: 2037799.2 | C47: 2372292.8 | D47: 2935723.9 | E47: 3073332.3 | F47: 2897087.1 | G47: ='NON-RESPECT_ENGA_TRANSBO_TC2'!D16 -> 3938707.5 | H47: ='NON-RESPECT_ENGA_TRANSBO_TC2'!E16 -> 4362068.1 | I47: ='NON-RESPECT_ENGA_TRANSBO_TC2'!K16 -> 0 | J47: vide | K47: =+K48-K46 -> 972 | L47: =+L48-L46 -> 1049.76 | M47: =+M48-M46 -> 1133.742 | O47: =+O48*0.1 -> 45000 | P47: =1-P46 -> 0.011173998 | Q47: =1-Q46 -> 0.0025865102
A48: Trafic transbordement | B48: 595170.39 | C48: 499223.56 | D48: 470080.27 | E48: 378409.4 | F48: 4190020 | G48: ='NON-RESPECT_ENGA_TRANSBO_TC2'!D22 -> 8521705.6 | H48: ='NON-RESPECT_ENGA_TRANSBO_TC2'!E22 -> 9907007.2 | I48: ='NON-RESPECT_ENGA_TRANSBO_TC2'!K22 -> 8464099.2 | J48: TOTAL | K48: 486000 | L48: 524880 | M48: 566871 | O48: 450000 | P48: =+P46+P47 -> 1 | Q48: =+Q46+Q47 -> 1
A49: V° | C49: =C45/B45-1 -> -0.015052352 | D49: =D45/C45-1 -> 0.11687725 | E49: =E45/D45-1 -> 0.012546276 | F49: =F45/E45-1 -> 0.2105018 | G49: =G45/F45-1 -> 0.35245508 | H49: =H45/G45-1 -> 0.032849895 | I49: =I45/H45-1 -> -0.82540124
C50: =C46/B46-1 -> -0.027091936 | D50: =D46/C46-1 -> 0.10803926 | E50: =E46/D46-1 -> 0.012417509 | F50: =F46/E46-1 -> 0.095153985 | G50: =G46/F46-1 -> 0.24833695 | H50: =H46/G46-1 -> -0.0077398451 | I50: =I46/H46-1 -> -1
C51: =C47/B47-1 -> 0.16414452 | D51: =D47/C47-1 -> 0.23750489 | E51: =E47/D47-1 -> 0.046873745 | F51: =F47/E47-1 -> -0.05734662 | G51: =G47/F47-1 -> 0.35954061 | H51: =H47/G47-1 -> 0.1074872 | I51: =I47/H47-1 -> -1
C52: =C48/B48-1 -> -0.16120901 | D52: =D48/C48-1 -> -0.058377231 | E52: =E48/D48-1 -> -0.19501111 | F52: =F48/E48-1 -> 10.072717 | G52: =G48/F48-1 -> 1.0338102 | H52: =H48/G48-1 -> 0.16256153 | I52: =I48/H48-1 -> -0.14564519 | J52: 2026
A53: Part | B53: =B46/B$45 -> 0.89770245 | C53: =C46/C$45 -> 0.88672932 | D53: =D46/D$45 -> 0.87971251 | E53: =E46/E$45 -> 0.87960064 | F53: =F46/F$45 -> 0.79578414 | G53: =G46/G$45 -> 0.73452107 | H53: =H46/H$45 -> 0.70565529 | I53: =I46/I$45 -> 0 | J53: =H53 -> 0.70565529
B54: =B47/B$45 -> 0.079173669 | C54: =C47/C$45 -> 0.093578164 | D54: =D47/D$45 -> 0.10368502 | E54: =E47/E$45 -> 0.10720016 | F54: =F47/F$45 -> 0.083479918 | G54: =G47/G$45 -> 0.08391727 | H54: =H47/H$45 -> 0.089981422 | I54: =I47/I$45 -> 0 | J54: =H54 -> 0.089981422 | K54: Tendance de 2024
B55: =B48/B$45 -> 0.02312388 | C55: =C48/C$45 -> 0.019692521 | D55: =D48/D$45 -> 0.016602474 | E55: =E48/E$45 -> 0.013199206 | F55: =F48/F$45 -> 0.12073594 | G55: =G48/G$45 -> 0.18156166 | H55: =H48/H$45 -> 0.20436329 | I55: =I48/I$45 -> 1 | J55: =H55 -> 0.20436329
J57: 2027
J58: =AVERAGE(H53) -> 0.70565529
J59: =AVERAGE(H54) -> 0.089981422 | K59: Tendance de 2024
J60: =AVERAGE(H55) -> 0.20436329
B62: 2019 | C62: 2020 | D62: 2021 | E62: 2022 | F62: 2023 | G62: 2024 | H62: 2025 | I62: 2026
A63: TRAFIC NATIONAL | B63: 23105376 | C63: 22479406 | D63: 24908065 | E63: 25217361 | F63: 27616893 | G63: =G46 -> 34475188 | H63: =H46 -> 34208355 | I63: =I46 -> 0
A64: Trafic national de marchandises générales | B64: 14817471 | C64: 15542318 | D64: 17471975 | E64: 17215426 | F64: 18432721 | G64: ='NON-RESPECT_ENGA_TRANSBO_TC2'!D13 -> 22223124 | H64: ='NON-RESPECT_ENGA_TRANSBO_TC2'!E13 -> 22473574 | I64: ='NON-RESPECT_ENGA_TRANSBO_TC2'!K13 -> 0
A65: Tafic national de produits pétroliers | B65: 7645456.3 | C65: 6304046.9 | D65: 6702986.5 | E65: 7237990.6 | F65: 8372275.5 | G65: ='NON-RESPECT_ENGA_TRANSBO_TC2'!D14 -> 11341875 | H65: ='NON-RESPECT_ENGA_TRANSBO_TC2'!E14 -> 10746788 | I65: ='NON-RESPECT_ENGA_TRANSBO_TC2'!K14 -> 0
A66: Trafic national de produits de pêche | B66: 642448.71 | C66: 633040.99 | D66: 733103.12 | E66: 763943.84 | F66: 811896.57 | G66: ='NON-RESPECT_ENGA_TRANSBO_TC2'!D15 -> 910188.95 | H66: ='NON-RESPECT_ENGA_TRANSBO_TC2'!E15 -> 987993.28 | I66: ='NON-RESPECT_ENGA_TRANSBO_TC2'!K15 -> 0 | J66: 2025
A67: V° | C67: =C63/B63-1 -> -0.027091936 | D67: =D63/C63-1 -> 0.10803926 | E67: =E63/D63-1 -> 0.012417509 | F67: =F63/E63-1 -> 0.095153985 | G67: =G63/F63-1 -> 0.24833695 | H67: =H63/G63-1 -> -0.0077398451 | I67: =I63/H63-1 -> -1 | J67: =AVERAGE(D73:G73) -> 0.028881636 | K67: Moyenne sur les 4 dernières années
C68: =C64/B64-1 -> 0.048918454 | D68: =D64/C64-1 -> 0.12415501 | E68: =E64/D64-1 -> -0.014683436 | F68: =F64/E64-1 -> 0.070709526 | G68: =G64/F64-1 -> 0.20563449 | H68: =H64/G64-1 -> 0.01126979 | I68: =I64/H64-1 -> -1
C69: =C65/B65-1 -> -0.17545184 | D69: =D65/C65-1 -> 0.063283093 | E69: =E65/D65-1 -> 0.079815768 | F69: =F65/E65-1 -> 0.15671269 | G69: =G65/F65-1 -> 0.35469442 | H69: =H65/G65-1 -> -0.052468124 | I69: =I65/H65-1 -> -1
C70: =C66/B66-1 -> -0.014643539 | D70: =D66/C66-1 -> 0.1580658 | E70: =E66/D66-1 -> 0.042068742 | F70: =F66/E66-1 -> 0.062769959 | G70: =G66/F66-1 -> 0.12106515 | H70: =H66/G66-1 -> 0.085481518 | I70: =I66/H66-1 -> -1 | J70: 2026
A71: Part | B71: =B64/$B$63 -> 0.6412997 | C71: =C64/$C$63 -> 0.69140253 | D71: =D64/$D$63 -> 0.70145855 | E71: =E64/$E$63 -> 0.68268153 | F71: =F64/$F$63 -> 0.66744369 | G71: =G64/G63 -> 0.64461212 | H71: =H64/H63 -> 0.65696155 | I71: =I64/I63 -> #DIV/0! | J71: =AVERAGE(G71:H71) -> 0.65078683
B72: =B65/$B$63 -> 0.33089513 | C72: =C65/$C$63 -> 0.28043654 | D72: =D65/$D$63 -> 0.26910909 | E72: =E65/$E$63 -> 0.28702411 | F72: =F65/$F$63 -> 0.30315776 | G72: =G65/G63 -> 0.3289866 | H72: =H65/H63 -> 0.31415682 | I72: =I65/I63 -> #DIV/0! | J72: =AVERAGE(G72:H72) -> 0.32157171 | K72: Moyenne sur les 2 dernières années
B73: =B66/$B$63 -> 0.027805162 | C73: =C66/$C$63 -> 0.02816093 | D73: =D66/$D$63 -> 0.02943236 | E73: =E66/$E$63 -> 0.030294362 | F73: =F66/$F$63 -> 0.029398548 | G73: =G66/G63 -> 0.026401276 | H73: =H66/H63 -> 0.028881636 | I73: =I66/I63 -> #DIV/0! | J73: =AVERAGE(G73:H73) -> 0.027641456
J75: 2027
J76: =AVERAGE(G71:I71) -> #DIV/0!
J77: =AVERAGE(G72:I72) -> #DIV/0! | K77: Moyenne sur les 3 dernières années
J78: =AVERAGE(G73:I73) -> #DIV/0!
B80: 2019 | C80: 2020 | D80: 2021 | E80: 2022 | F80: 2023 | G80: 2024 | H80: 2025 | I80: 2026
A81: TRAFIC DE TRANSIT | B81: 2037799.2 | C81: 2372292.8 | D81: 2935723.9 | E81: 3073332.3 | F81: 2897087.1 | G81: =G47 -> 3938707.5 | H81: =H47 -> 4362068.1 | I81: =I47 -> 0 | J81: 2025
A82: Trafic du Burkina Faso | B82: 1244681.9 | C82: 1642017.2 | D82: 2243059.3 | E82: 2371352.9 | F82: 2214648 | G82: ='NON-RESPECT_ENGA_TRANSBO_TC2'!D18 -> 2366684.9 | H82: ='NON-RESPECT_ENGA_TRANSBO_TC2'!E18 -> 3163551.6 | I82: ='NON-RESPECT_ENGA_TRANSBO_TC2'!K18 -> 0 | J82: =AVERAGE(D87:G87) -> 0.72524122 | K82: Moyenne sur les 4 dernières années
A83: Trafic du Mali | B83: 790176.17 | C83: 722246.69 | D83: 688408.36 | E83: 697094.67 | F83: 671952.85 | G83: ='NON-RESPECT_ENGA_TRANSBO_TC2'!D20 -> 1528915 | H83: ='NON-RESPECT_ENGA_TRANSBO_TC2'!E20 -> 1179319.7 | I83: ='NON-RESPECT_ENGA_TRANSBO_TC2'!K20 -> 0 | J83: =AVERAGE(D88:G88) -> 0.27035793
A84: V° | C84: =C81/B81-1 -> 0.16414452 | D84: =D81/C81-1 -> 0.23750489 | E84: =E81/D81-1 -> 0.046873745 | F84: =F81/E81-1 -> -0.05734662 | G84: =G81/F81-1 -> 0.35954061 | H84: =H81/G81-1 -> 0.1074872 | I84: =I81/H81-1 -> -1
C85: =C82/B82-1 -> 0.3192264 | D85: =D82/C82-1 -> 0.36603886 | E85: =E82/D82-1 -> 0.057195835 | F85: =F82/E82-1 -> -0.066082512 | G85: =G82/F82-1 -> 0.068650619 | H85: =H82/G82-1 -> 0.33670165 | I85: =I82/H82-1 -> -1
C86: =C83/B83-1 -> -0.085967515 | D86: =D83/C83-1 -> -0.046851488 | E86: =E83/D83-1 -> 0.012617964 | F86: =F83/E83-1 -> -0.036066578 | G86: =G83/F83-1 -> 1.2753307 | H86: =H83/G83-1 -> -0.2286558 | I86: =I83/H83-1 -> -1 | J86: 2026
A87: Part | B87: =B82/$B$81 -> 0.61079711 | C87: =C82/$C$81 -> 0.69216464 | D87: =D82/$D$81 -> 0.76405661 | E87: =E82/$E$81 -> 0.77159015 | F87: =F82/$F$81 -> 0.76443956 | G87: =G82/G81 -> 0.60087856 | H87: =H82/H81 -> 0.72524122 | I87: =I82/I81 -> #DIV/0! | J87: =AVERAGE(F87:H87) -> 0.69685311 | K87: Moyenne sur les 3 dernières années
B88: =B83/$B$81 -> 0.38775958 | C88: =C83/$C$81 -> 0.30445091 | D88: =D83/$D$81 -> 0.23449356 | E88: =E83/$E$81 -> 0.22682047 | F88: =F83/$F$81 -> 0.23194085 | G88: =G83/G81 -> 0.38817683 | H88: =H83/H81 -> 0.27035793 | I88: =I83/I81 -> #DIV/0! | J88: =AVERAGE(F88:H88) -> 0.2968252
B89: =B88+B87 -> 0.99855669 | C89: =C88+C87 -> 0.99661555 | D89: =D88+D87 -> 0.99855017 | E89: =E88+E87 -> 0.99841062 | F89: =F88+F87 -> 0.99638041 | G89: =G88+G87 -> 0.98905539 | H89: =H88+H87 -> 0.99559915 | I89: =I88+I87 -> #DIV/0!
C90: =C87-B87 -> 0.081367531 | D90: =D87-C87 -> 0.071891972 | E90: =E87-D87 -> 0.0075335356 | F90: =F87-E87 -> -0.0071505901 | G90: =G87-F87 -> -0.16356099 | H90: =H87-G87 -> 0.12436266 | I90: =I87-H87 -> #DIV/0! | J90: 2027
J91: =AVERAGE(G87:I87) -> #DIV/0! | K91: Moyenne sur les 3 dernières années
J92: =AVERAGE(G88:I88) -> #DIV/0!

Sheet ANNUEL
G1: PREVISIONS
A2: TRAFIC ESCALES DE NAVIRES (En Nbre)
B4: Janv. | C4: Févr. | D4: Mars | E4: Avril | F4: Mai | G4: Juin | H4: Juil. | I4: Août | J4: Sept. | K4: Oct. | L4: Nov. | M4: Déc. | N4: Total
A5: Réalisé 2025 | B5: ='CALC. PREV'!B5 -> 246 | C5: ='CALC. PREV'!C5 -> 237 | D5: ='CALC. PREV'!D5 -> 244 | E5: ='CALC. PREV'!E5 -> 220 | F5: ='CALC. PREV'!F5 -> 247 | G5: ='CALC. PREV'!G5 -> 214 | H5: ='CALC. PREV'!H5 -> 212 | I5: ='CALC. PREV'!I5 -> 227 | ... M5: ='CALC. PREV'!M5 -> 243 | N5: =SUM(B5:M5) -> 2748
A6: Réalisé 2026 | B6: ='CALC. PREV'!B6 -> 266 | C6: ='CALC. PREV'!C6 -> 213 | D6: ='CALC. PREV'!D6 -> 262 | E6: ='CALC. PREV'!E6 -> 237 | F6: ='CALC. PREV'!F6 -> 221 | G6: ='CALC. PREV'!G6 -> 224 | H6: ='CALC. PREV'!H6 -> 227 | I6: ='CALC. PREV'!I11 -> 231.70403 | J6: ='CALC. PREV'!J11 -> 232.16421 | K6: ='CALC. PREV'!K11 -> 243.2087 | L6: ='CALC. PREV'!L11 -> 243.66888 | M6: ='CALC. PREV'!M11 -> 257.70458 | N6: =SUM(B6:M6) -> 2858.4504
A7: Variation 2026/2025 | B7: =+B6/B5-1 -> 0.081300813 | C7: =+C6/C5-1 -> -0.10126582 | D7: =+D6/D5-1 -> 0.073770492 | E7: =+E6/E5-1 -> 0.077272727 | F7: =+F6/F5-1 -> -0.10526316 | G7: =+G6/G5-1 -> 0.046728972 | H7: =+H6/H5-1 -> 0.070754717 | I7: =+I6/I5-1 -> 0.02072259 | ... M7: =+M6/M5-1 -> 0.060512671 | N7: =N6/N5-1 -> 0.040193014
A8: Prévision 2026 | B8: ='CALC. PREV'!B8 -> 237.35673 | C8: ='CALC. PREV'!C8 -> 219.21909 | D8: ='CALC. PREV'!D8 -> 228.62379 | E8: ='CALC. PREV'!E8 -> 227.28026 | F8: ='CALC. PREV'!F8 -> 238.02849 | G8: ='CALC. PREV'!G8 -> 218.09948 | H8: ='CALC. PREV'!H8 -> 237.35673 | I8: ='CALC. PREV'!I8 -> 225.48889 | ... M8: ='CALC. PREV'!M8 -> 250.79202 | N8: =SUM(B8:M8) -> 2782
A9: Variation (réalisé/prévu) | B9: =+B6/B8-1 -> 0.12067604 | C9: =+C6/C8-1 -> -0.0283693 | D9: =+D6/D8-1 -> 0.14598746 | E9: =+E6/E8-1 -> 0.04276542 | F9: =+F6/F8-1 -> -0.071539726 | G9: =+G6/G8-1 -> 0.027054237 | H9: =+H6/H8-1 -> -0.043633601 | I9: =+I6/I8-1 -> 0.027562934 | ... N9: =+N6/N8-1 -> 0.027480374
A14: TRAFIC GLOBAL (En tonne)
B16: Janv. | C16: Févr. | D16: Mars | E16: Avril | F16: Mai | G16: Juin | H16: Juil. | I16: Août | J16: Sept. | K16: Oct. | L16: Nov. | M16: Déc. | N16: Total
A17: Réalisé 2025 | B17: ='CALC. PREV'!B17 -> 3615145.5 | C17: ='CALC. PREV'!C17 -> 3783743.2 | D17: ='CALC. PREV'!D17 -> 3803233.9 | E17: ='CALC. PREV'!E17 -> 3843719 | F17: ='CALC. PREV'!F17 -> 4162238.8 | G17: ='CALC. PREV'!G17 -> 3625573.8 | H17: ='CALC. PREV'!H17 -> 4135296.2 | I17: ='CALC. PREV'!I17 -> 4273333.7 | ... M17: ='CALC. PREV'!M17 -> 4370330.8 | N17: =SUM(B17:M17) -> 46935601
A18: Réalisé 2026 | B18: ='CALC. PREV'!B18 -> 4130728.9 | C18: ='CALC. PREV'!C18 -> 3878339.6 | D18: ='CALC. PREV'!D18 -> 4262772.5 | E18: ='CALC. PREV'!E18 -> 4259824.9 | F18: ='CALC. PREV'!F18 -> 3832711.4 | G18: ='CALC. PREV'!G18 -> 3542274 | H18: ='CALC. PREV'!H18 -> 4113691 | I18: ='CALC. PREV'!I23 -> 4098176.8 | J18: ='CALC. PREV'!J23 -> 4021955.5 | K18: ='CALC. PREV'!K23 -> 4023031.9 | L18: ='CALC. PREV'!L23 -> 4061397.2 | M18: ='CALC. PREV'!M23 -> 4252527 | N18: =SUM(B18:M18) -> 48477431
A19: Variation 2026/2025 | B19: =B18/B17-1 -> 0.1426176 | C19: =C18/C17-1 -> 0.025000759 | D19: =D18/D17-1 -> 0.12082838 | E19: =E18/E17-1 -> 0.10825607 | F19: =F18/F17-1 -> -0.079170702 | G19: =G18/G17-1 -> -0.022975623 | H19: =H18/H17-1 -> -0.0052245722 | I19: =I18/I17-1 -> -0.040988355 | ... N19: =N18/N17-1 -> 0.032849895
A20: Prévision 2026 | B20: ='CALC. PREV'!B20 -> 3884471.7 | C20: ='CALC. PREV'!C20 -> 3932456.3 | D20: ='CALC. PREV'!D20 -> 4050445 | E20: ='CALC. PREV'!E20 -> 4263577.4 | F20: ='CALC. PREV'!F20 -> 4463003.4 | G20: ='CALC. PREV'!G20 -> 3920762 | H20: ='CALC. PREV'!H20 -> 4412909.2 | I20: ='CALC. PREV'!I20 -> 4221437.4 | ... M20: ='CALC. PREV'!M20 -> 4380429.9 | N20: =SUM(B20:M20) -> 50000000
A21: Variation (réalisé/prévu) | B21: =+B18/B20-1 -> 0.063395282 | C21: =+C18/C20-1 -> -0.013761557 | D21: =+D18/D20-1 -> 0.052420776 | E21: =+E18/E20-1 -> -0.00088013217 | F21: =+F18/F20-1 -> -0.14122597 | G21: =+G18/G20-1 -> -0.096534299 | H21: =+H18/H20-1 -> -0.067805202 | I21: =+I18/I20-1 -> -0.029198729 | ... N21: =+N18/N20-1 -> -0.030451387
A24: TRAFIC NATIONAL (En tonne)
B26: Janv. | C26: Févr. | D26: Mars | E26: Avril | F26: Mai | G26: Juin | H26: Juil. | I26: Août | J26: Sept. | K26: Oct. | L26: Nov. | M26: Déc. | N26: Total
A27: Réalisé 2025 | B27: ='CALC. PREV'!B29 -> 2475424.4 | C27: ='CALC. PREV'!C29 -> 2632090.6 | D27: ='CALC. PREV'!D29 -> 2741840 | E27: ='CALC. PREV'!E29 -> 2755337.1 | F27: ='CALC. PREV'!F29 -> 2951913.5 | G27: ='CALC. PREV'!G29 -> 2637505.8 | H27: ='CALC. PREV'!H29 -> 2991471.2 | I27: ='CALC. PREV'!I29 -> 3244153.4 | ... M27: ='CALC. PREV'!M29 -> 3241081.3 | N27: =SUM(B27:M27) -> 34475188
A28: Réalisé 2026 | B28: ='CALC. PREV'!B30 -> 3010311.1 | C28: ='CALC. PREV'!C30 -> 2680517.5 | D28: ='CALC. PREV'!D30 -> 2982124.4 | E28: ='CALC. PREV'!E30 -> 2992704.5 | F28: ='CALC. PREV'!F30 -> 2704573.1 | G28: ='CALC. PREV'!G30 -> 2499624.4 | H28: ='CALC. PREV'!H30 -> 2902847.8 | I28: ='CALC. PREV'!I35 -> 2891900.2 | J28: ='CALC. PREV'!J35 -> 2838114.2 | K28: ='CALC. PREV'!K35 -> 2838873.7 | L28: ='CALC. PREV'!L35 -> 2865946.4 | M28: ='CALC. PREV'!M35 -> 3000818.1 | N28: =SUM(B28:M28) -> 34208355
A29: Variation 2026/2025 | B29: =B28/B27-1 -> 0.21607878 | C29: =C28/C27-1 -> 0.018398639 | D29: =D28/D27-1 -> 0.087636215 | E29: =E28/E27-1 -> 0.0861482 | F29: =F28/F27-1 -> -0.083789858 | G29: =G28/G27-1 -> -0.052277209 | H29: =H28/H27-1 -> -0.029625357 | I29: =I28/I27-1 -> -0.10858095 | ... N29: =N28/N27-1 -> -0.0077398451
A30: Prévision 2026 | B30: ='CALC. PREV'!B32 -> 2978791.2 | C30: ='CALC. PREV'!C32 -> 3018943.6 | D30: ='CALC. PREV'!D32 -> 3133339.8 | E30: ='CALC. PREV'!E32 -> 3288582.5 | F30: ='CALC. PREV'!F32 -> 3356974 | G30: ='CALC. PREV'!G32 -> 3033198.9 | H30: ='CALC. PREV'!H32 -> 3340623.7 | I30: ='CALC. PREV'!I32 -> 3151049 | ... M30: ='CALC. PREV'!M32 -> 3286409.4 | N30: =SUM(B30:M30) -> 38000000
A31: Variation (réalisé/prévu) | B31: =B28/B30-1 -> 0.010581441 | C31: =C28/C30-1 -> -0.11210087 | D31: =D28/D30-1 -> -0.048260124 | E31: =E28/E30-1 -> -0.089971285 | F31: =F28/F30-1 -> -0.19434196 | G31: =G28/G30-1 -> -0.17591148 | H31: =H28/H30-1 -> -0.13104615 | I31: =I28/I30-1 -> -0.08224209 | ... N31: =N28/N30-1 -> -0.099780122
A34: TRAFIC TRANSIT (En tonne)
B36: Janv. | C36: Févr. | D36: Mars | E36: Avril | F36: Mai | G36: Juin | H36: Juil. | I36: Août | J36: Sept. | K36: Oct. | L36: Nov. | M36: Déc. | N36: Total
A37: Réalisé 2025 | B37: ='CALC. PREV'!B41 -> 314537.4 | C37: ='CALC. PREV'!C41 -> 286803.71 | D37: ='CALC. PREV'!D41 -> 176694.61 | E37: ='CALC. PREV'!E41 -> 414105.37 | F37: ='CALC. PREV'!F41 -> 339987.51 | G37: ='CALC. PREV'!G41 -> 328865.23 | H37: ='CALC. PREV'!H41 -> 422541.96 | I37: ='CALC. PREV'!I41 -> 347369.04 | ... M37: ='CALC. PREV'!M41 -> 372025.64 | N37: =SUM(B37:M37) -> 3938707.5
A38: Réalisé 2026 | B38: ='CALC. PREV'!B42 -> 328973.76 | C38: ='CALC. PREV'!C42 -> 401703.41 | D38: ='CALC. PREV'!D42 -> 401523.57 | E38: ='CALC. PREV'!E42 -> 355342.07 | F38: ='CALC. PREV'!F42 -> 344872.82 | G38: ='CALC. PREV'!G42 -> 318738.85 | H38: ='CALC. PREV'!H42 -> 370155.77 | I38: ='CALC. PREV'!I47 -> 368759.78 | J38: ='CALC. PREV'!J47 -> 361901.27 | K38: ='CALC. PREV'!K47 -> 361998.13 | L38: ='CALC. PREV'!L47 -> 365450.3 | M38: ='CALC. PREV'!M47 -> 382648.42 | N38: =SUM(B38:M38) -> 4362068.1
A39: Variation 2026/2025 | B39: =B38/B37-1 -> 0.045897111 | C39: =C38/C37-1 -> 0.40062137 | D39: =D38/D37-1 -> 1.2724154 | E39: =E38/E37-1 -> -0.14190422 | F39: =F38/F37-1 -> 0.014369097 | G39: =G38/G37-1 -> -0.030791884 | H39: =H38/H37-1 -> -0.12397868 | I39: =I38/I37-1 -> 0.061579281 | ... N39: =N38/N37-1 -> 0.1074872
A40: Prévision 2026 | B40: ='CALC. PREV'!B44 -> 333625.4 | C40: ='CALC. PREV'!C44 -> 314922.53 | D40: ='CALC. PREV'!D44 -> 322336.88 | E40: ='CALC. PREV'!E44 -> 354146.32 | F40: ='CALC. PREV'!F44 -> 385727.21 | G40: ='CALC. PREV'!G44 -> 264748.61 | H40: ='CALC. PREV'!H44 -> 347008.37 | I40: ='CALC. PREV'!I44 -> 331416.55 | ... M40: ='CALC. PREV'!M44 -> 337476.09 | N40: =SUM(B40:M40) -> 4000000
A41: Variation (réalisé/prévu) | B41: =B38/B40-1 -> -0.013942713 | C41: =C38/C40-1 -> 0.27556264 | D41: =D38/D40-1 -> 0.24566438 | E41: =E38/E40-1 -> 0.0033764263 | F41: =F38/F40-1 -> -0.10591523 | G41: =G38/G40-1 -> 0.20393024 | H41: =H38/H40-1 -> 0.066705568 | I41: =I38/I40-1 -> 0.11267763 | ... N41: =N38/N40-1 -> 0.090517035
A46: TRAFIC TRANSBORDEMENT (En tonne)
B48: Janv. | C48: Févr. | D48: Mars | E48: Avril | F48: Mai | G48: Juin | H48: Juil. | I48: Août | J48: Sept. | K48: Oct. | L48: Nov. | M48: Déc. | N48: Total
A49: Réalisé 2025 | B49: ='CALC. PREV'!B53 -> 825183.71 | C49: ='CALC. PREV'!C53 -> 864848.88 | D49: ='CALC. PREV'!D53 -> 884699.35 | E49: ='CALC. PREV'!E53 -> 674276.46 | F49: ='CALC. PREV'!F53 -> 870337.78 | G49: ='CALC. PREV'!G53 -> 659202.76 | H49: ='CALC. PREV'!H53 -> 721282.98 | I49: ='CALC. PREV'!I53 -> 681811.3 | ... M49: ='CALC. PREV'!M53 -> 757223.89 | N49: =SUM(B49:M49) -> 8521705.6
A50: Réalisé 2026 | B50: ='CALC. PREV'!B54 -> 791444.04 | C50: ='CALC. PREV'!C54 -> 796118.75 | D50: ='CALC. PREV'!D54 -> 879124.5 | E50: ='CALC. PREV'!E54 -> 911778.32 | F50: ='CALC. PREV'!F54 -> 783265.51 | G50: ='CALC. PREV'!G54 -> 723910.77 | H50: ='CALC. PREV'!H54 -> 840687.42 | I50: ='CALC. PREV'!I59 -> 837516.89 | J50: ='CALC. PREV'!J59 -> 821940.05 | K50: ='CALC. PREV'!K59 -> 822160.03 | L50: ='CALC. PREV'!L59 -> 830000.5 | M50: ='CALC. PREV'!M59 -> 869060.39 | N50: =SUM(B50:M50) -> 9907007.2
A51: Variation 2026/2025 | B51: =B50/B49-1 -> -0.040887467 | C51: =C50/C49-1 -> -0.07947068 | D51: =D50/D49-1 -> -0.0063013983 | E51: =E50/E49-1 -> 0.35223217 | F51: =F50/F49-1 -> -0.10004422 | G51: =G50/G49-1 -> 0.098161004 | H51: =H50/H49-1 -> 0.16554452 | I51: =I50/I49-1 -> 0.22837051 | ... N51: =N50/N49-1 -> 0.16256153
A52: Prévision 2026 | B52: ='CALC. PREV'!B56 -> 553513.88 | C52: ='CALC. PREV'!C56 -> 588297 | D52: ='CALC. PREV'!D56 -> 577033.46 | E52: ='CALC. PREV'!E56 -> 599164.39 | F52: ='CALC. PREV'!F56 -> 719942.5 | G52: ='CALC. PREV'!G56 -> 625474.3 | H52: ='CALC. PREV'!H56 -> 732235.3 | I52: ='CALC. PREV'!I56 -> 760823.4 | ... M52: ='CALC. PREV'!M56 -> 776325.37 | N52: =SUM(B52:M52) -> 8000000
A53: Variation (réalisé/prévu) | B53: =B50/B52-1 -> 0.429854 | C53: =C50/C52-1 -> 0.35325992 | D53: =D50/D52-1 -> 0.52352432 | E53: =E50/E52-1 -> 0.52174984 | F53: =F50/F52-1 -> 0.087955652 | G53: =G50/G52-1 -> 0.15737892 | H53: =H50/H52-1 -> 0.14811103 | I53: =I50/I52-1 -> 0.10080328 | ... N53: =N50/N52-1 -> 0.2383759
A58: TRAFIC CONTENEURS (En TEU)
B60: Janv. | C60: Févr. | D60: Mars | E60: Avril | F60: Mai | G60: Juin | H60: Juil. | I60: Août | J60: Sept. | K60: Oct. | L60: Nov. | M60: Déc. | N60: Total
A61: Réalisé 2025 | B61: ='CALC. PREV'!B65 -> 158014 | C61: ='CALC. PREV'!C65 -> 138758 | D61: ='CALC. PREV'!D65 -> 150740 | E61: ='CALC. PREV'!E65 -> 141918 | F61: ='CALC. PREV'!F65 -> 157734 | G61: ='CALC. PREV'!G65 -> 130245 | H61: ='CALC. PREV'!H65 -> 134863 | I61: ='CALC. PREV'!I65 -> 148944 | ... M61: ='CALC. PREV'!M65 -> 148531 | N61: =SUM(B61:M61) -> 1709308
A62: Réalisé 2026 | B62: ='CALC. PREV'!B66 -> 162428 | C62: ='CALC. PREV'!C66 -> 147867 | D62: ='CALC. PREV'!D66 -> 167378 | E62: ='CALC. PREV'!E66 -> 162680 | F62: ='CALC. PREV'!F66 -> 146795.47 | G62: ='CALC. PREV'!G66 -> 135671.52 | H62: ='CALC. PREV'!H66 -> 157557.18 | I62: ='CALC. PREV'!I71 -> 156962.98 | J62: ='CALC. PREV'!J71 -> 154043.65 | K62: ='CALC. PREV'!K71 -> 154084.88 | L62: ='CALC. PREV'!L71 -> 155554.3 | M62: ='CALC. PREV'!M71 -> 162874.69 | N62: =SUM(B62:M62) -> 1863897.7
A63: Variation 2026/2025 | B63: =B62/B61 -> 1.0279342 | C63: =C62/C61 -> 1.0656467 | D63: =D62/D61-1 -> 0.11037548 | E63: =E62/E61-1 -> 0.14629575 | F63: =F62/F61-1 -> -0.069347939 | G63: =G62/G61-1 -> 0.041663941 | H63: =H62/H61-1 -> 0.16827582 | I63: =I62/I61-1 -> 0.053838885 | J63: =J62/J61-1 -> 0.16247075 | K63: =K62/K61-1 -> 0.10803803 | ... N63: =N62/N61-1 -> 0.090439914
A64: Prévision 2026 | B64: ='CALC. PREV'!B68 -> 135684.66 | C64: ='CALC. PREV'!C68 -> 122266.74 | D64: ='CALC. PREV'!D68 -> 139023.46 | E64: ='CALC. PREV'!E68 -> 142027.54 | F64: ='CALC. PREV'!F68 -> 152487.52 | G64: ='CALC. PREV'!G68 -> 142225.56 | H64: ='CALC. PREV'!H68 -> 153125.74 | I64: ='CALC. PREV'!I68 -> 155625.76 | ... M64: ='CALC. PREV'!M68 -> 158958.66 | N64: =SUM(B64:M64) -> 1750000
A65: Variation (réalisé/prévu) | B65: =B62/B64 -> 1.1970992 | C65: =C62/C64 -> 1.2093804 | D65: =D62/D64-1 -> 0.20395506 | E65: =E62/E64-1 -> 0.14541168 | F65: =F62/F64-1 -> -0.037327936 | G65: =G62/G64-1 -> -0.046082006 | H65: =H62/H64-1 -> 0.02893988 | I65: =I62/I64-1 -> 0.0085925086 | J65: =J62/J64-1 -> 0.076280452 | K65: =K62/K64-1 -> -0.012373531 | ... N65: =N62/N64-1 -> 0.065084382
A70: TRAFIC CONTENEURS TRANSBORDES (En TEU)
B72: Janv. | C72: Févr. | D72: Mars | E72: Avril | F72: Mai | G72: Juin | H72: Juil. | I72: Août | J72: Sept. | K72: Oct. | L72: Nov. | M72: Déc. | N72: Total
A73: Réalisé 2025 | B73: ='CALC. PREV'!B77 -> 51450 | C73: ='CALC. PREV'!C77 -> 53158 | D73: ='CALC. PREV'!D77 -> 52393 | E73: ='CALC. PREV'!E77 -> 41671 | F73: ='CALC. PREV'!F77 -> 52673 | G73: ='CALC. PREV'!G77 -> 40859 | H73: ='CALC. PREV'!H77 -> 43756 | I73: ='CALC. PREV'!I77 -> 41617 | ... M73: ='CALC. PREV'!M77 -> 47561 | N73: =SUM(B73:M73) -> 522105
A74: Réalisé 2026 | B74: ='CALC. PREV'!B78 -> 48491 | C74: ='CALC. PREV'!C78 -> 50488 | D74: ='CALC. PREV'!D78 -> 54857 | E74: ='CALC. PREV'!E78 -> 56486 | F74: ='CALC. PREV'!F78 -> 48089.82 | G74: ='CALC. PREV'!G78 -> 44445.642 | H74: ='CALC. PREV'!H78 -> 51615.329 | I74: ='CALC. PREV'!I83 -> 51420.669 | J74: ='CALC. PREV'!J83 -> 50464.304 | K74: ='CALC. PREV'!K83 -> 50477.81 | L74: ='CALC. PREV'!L83 -> 50959.188 | M74: ='CALC. PREV'!M83 -> 53357.332 | N74: =SUM(B74:M74) -> 611152.09
A75: Variation 2026/2025 | B75: =B74/B73-1 -> -0.057512148 | C75: =C74/C73-1 -> -0.050227623 | D75: =D74/D73-1 -> 0.047029183 | E75: =E74/E73-1 -> 0.35552303 | F75: =F74/F73-1 -> -0.08701194 | G75: =G74/G73-1 -> 0.087780951 | H75: =H74/H73-1 -> 0.17961717 | I75: =I74/I73-1 -> 0.23556886 | ... N75: =N74/N73-1 -> 0.170554
A76: Prévision 2026 | B76: ='CALC. PREV'!B80 -> 39611.683 | C76: ='CALC. PREV'!C80 -> 43107.787 | D76: ='CALC. PREV'!D80 -> 41520.685 | E76: ='CALC. PREV'!E80 -> 43110.861 | F76: ='CALC. PREV'!F80 -> 51918.532 | G76: ='CALC. PREV'!G80 -> 46041.774 | H76: ='CALC. PREV'!H80 -> 52857.004 | I76: ='CALC. PREV'!I80 -> 57143.146 | ... M76: ='CALC. PREV'!M80 -> 57571.76 | N76: =SUM(B76:M76) -> 585000
A77: Variation (réalisé/prévu) | B77: =B74/B76-1 -> 0.22415905 | C77: =C74/C76-1 -> 0.1712037 | D77: =D74/D76-1 -> 0.3211969 | E77: =E74/E76-1 -> 0.31024986 | F77: =F74/F76-1 -> -0.073744612 | G77: =G74/G76-1 -> -0.034667051 | H77: =H74/H76-1 -> -0.023491215 | I77: =I74/I76-1 -> -0.10014284 | ... N77: =N74/N76-1 -> 0.044704435

Sheet CALC. PREV
D1: Annoncé DOMSE
A2: TRAFIC ESCALES DE NAVIRES (En Nbre)
N3: Total/Moyenne
B4: Janv. | C4: Févr. | D4: Mars | E4: Avril | F4: Mai | G4: Juin | H4: Juil. | I4: Août | J4: Sept. | K4: Oct. | L4: Nov. | M4: Déc.
A5: Réalisé 2025 | B5: ='Trafic mens2025'!C21 -> 246 | C5: ='Trafic mens2025'!D21 -> 237 | D5: ='Trafic mens2025'!E21 -> 244 | E5: ='Trafic mens2025'!F21 -> 220 | F5: ='Trafic mens2025'!G21 -> 247 | G5: ='Trafic mens2025'!H21 -> 214 | H5: ='Trafic mens2025'!I21 -> 212 | I5: ='Trafic mens2025'!J21 -> 227 | ... M5: ='Trafic mens2025'!N21 -> 243 | N5: =SUM(B5:M5) -> 2748
A6: Réalisé 2026 | B6: ='Trafic mens2026'!C21 -> 266 | C6: ='Trafic mens2026'!D21 -> 213 | D6: ='Trafic mens2026'!E21 -> 262 | E6: ='Trafic mens2026'!F21 -> 237 | F6: =+'Trafic mens2026'!Y21 -> 221 | G6: =+'Trafic mens2026'!Z21 -> 224 | H6: =+'Trafic mens2026'!AA21 -> 227 | I6: =+'Trafic mens2026'!AB21 -> 0 | J6: =+'Trafic mens2026'!AC21 -> 0 | K6: =+'Trafic mens2026'!AD21 -> 0 | L6: =+'Trafic mens2026'!AE21 -> 0 | M6: =+'Trafic mens2026'!AF21 -> 0 | N6: =AVERAGEIF(B6:M6, "<>0") -> 235.71429 | O6: moy
A7: Variation 2026/2025 | B7: =+B6/B5 -> 1.0813008 | C7: =+C6/C5 -> 0.89873418 | D7: =+D6/D5 -> 1.0737705 | E7: =+E6/E5 -> 1.0772727 | F7: =+F6/F5 -> 0.89473684 | G7: =+G6/G5 -> 1.046729 | H7: =+H6/H5 -> 1.0707547 | I7: =+I6/I5 -> 0 | ... M7: =+M6/M5 -> 0 | N7: =AVERAGEIF(B7:M7, "<>0") -> 1.0204712 | O7: moy
A8: Prévision 2026 | B8: =COEFFICIENTS_SAISONNIERS_2026!C14 -> 237.35673 | C8: =COEFFICIENTS_SAISONNIERS_2026!D14 -> 219.21909 | D8: =COEFFICIENTS_SAISONNIERS_2026!E14 -> 228.62379 | E8: =COEFFICIENTS_SAISONNIERS_2026!F14 -> 227.28026 | F8: =COEFFICIENTS_SAISONNIERS_2026!G14 -> 238.02849 | G8: =COEFFICIENTS_SAISONNIERS_2026!H14 -> 218.09948 | H8: =COEFFICIENTS_SAISONNIERS_2026!I14 -> 237.35673 | I8: =COEFFICIENTS_SAISONNIERS_2026!J14 -> 225.48889 | ... M8: =COEFFICIENTS_SAISONNIERS_2026!N14 -> 250.79202 | N8: =SUM(B8:M8) -> 2782
A9: Variation (réalisé/prévu) | B9: =+B6/B8 -> 1.120676 | C9: =+C6/C8 -> 0.9716307 | D9: =+D6/D8 -> 1.1459875 | E9: =+E6/E8 -> 1.0427654 | F9: =+F6/F8 -> 0.92846027 | G9: =+G6/G8 -> 1.0270542 | H9: =+H6/H8 -> 0.9563664 | I9: =+I6/I8 -> 0 | ... M9: =+M6/M8 -> 0 | N9: =AVERAGEIF(B9:M9, "<>0") -> 1.0275629 | O9: moy
B10: Sur la base du réalisé | I10: =I5*$N7 -> 231.64697 | J10: =J5*$N7 -> 213.27849 | K10: =K5*$N7 -> 225.52415 | L10: =L5*$N7 -> 232.66744 | M10: =M5*$N7 -> 247.97451 | N10: =SUM(B6:M6)+SUM(E10:M10) -> 2801.0916
B11: Correction des prévisions | I11: =I8*$N9 -> 231.70403 | J11: =J8*$N9 -> 232.16421 | K11: =K8*$N9 -> 243.2087 | L11: =L8*$N9 -> 243.66888 | M11: =M8*$N9 -> 257.70458 | N11: =SUM(B6:M6)+SUM(E11:M11) -> 2858.4504 | O11: Trafic de l'exercice
B12: Prévision avec les coefficients saisonniers | I12: =$N6*COEFFICIENTS_SAISONNIERS_2026!J13 -> 229.26364 | J12: =$N6*COEFFICIENTS_SAISONNIERS_2026!K13 -> 229.71898 | K12: =$N6*COEFFICIENTS_SAISONNIERS_2026!L13 -> 240.64713 | L12: =$N6*COEFFICIENTS_SAISONNIERS_2026!M13 -> 241.10247 | M12: =$N6*COEFFICIENTS_SAISONNIERS_2026!N13 -> 254.99034 | N12: =SUM(B6:M6)+SUM(E12:M12) -> 2845.7226
A14: TRAFIC GLOBAL (En tonne)
B16: Janv. | C16: Févr. | D16: Mars | E16: Avril | F16: Mai | G16: Juin | H16: Juil. | I16: Août | J16: Sept. | K16: Oct. | L16: Nov. | M16: Déc.
A17: Réalisé 2025 | B17: ='Trafic mens2025'!C73 -> 3615145.5 | C17: ='Trafic mens2025'!D73 -> 3783743.2 | D17: ='Trafic mens2025'!E73 -> 3803233.9 | E17: ='Trafic mens2025'!F73 -> 3843719 | F17: ='Trafic mens2025'!G73 -> 4162238.8 | G17: ='Trafic mens2025'!H73 -> 3625573.8 | H17: ='Trafic mens2025'!I73 -> 4135296.2 | I17: ='Trafic mens2025'!J73 -> 4273333.7 | ... M17: ='Trafic mens2025'!N73 -> 4370330.8 | N17: =SUM(B17:M17) -> 46935601
A18: Réalisé 2026 | B18: ='Trafic mens2026'!C73 -> 4130728.9 | C18: ='Trafic mens2026'!D73 -> 3878339.6 | D18: ='Trafic mens2026'!E73 -> 4262772.5 | E18: ='Trafic mens2026'!F73 -> 4259824.9 | F18: =+'Trafic mens2026'!Y74 -> 3832711.4 | G18: =+'Trafic mens2026'!Z74 -> 3542274 | H18: =+'Trafic mens2026'!AA74 -> 4113691 | I18: =+'Trafic mens2026'!AB74 -> 0 | J18: =+'Trafic mens2026'!AC74 -> 0 | K18: =+'Trafic mens2026'!AD74 -> 0 | L18: =+'Trafic mens2026'!AE74 -> 0 | M18: =+'Trafic mens2026'!AF74 -> 0 | N18: =AVERAGEIF(B18:M18, "<>0") -> 4002906 | O18: moy
A19: Variation 2026/2025 | B19: =B18/B17 -> 1.1426176 | C19: =C18/C17 -> 1.0250008 | D19: =D18/D17 -> 1.1208284 | E19: =E18/E17 -> 1.1082561 | F19: =F18/F17 -> 0.9208293 | G19: =G18/G17 -> 0.97702438 | H19: =H18/H17 -> 0.99477543 | I19: =I18/I17 -> 0 | ... M19: =M18/M17 -> 0 | N19: =AVERAGEIF(B19:M19, "<>0") -> 1.0413331 | O19: moy
A20: Prévision 2026 | B20: =COEFFICIENTS_SAISONNIERS_2026!C34 -> 3884471.7 | C20: =COEFFICIENTS_SAISONNIERS_2026!D34 -> 3932456.3 | D20: =COEFFICIENTS_SAISONNIERS_2026!E34 -> 4050445 | E20: =COEFFICIENTS_SAISONNIERS_2026!F34 -> 4263577.4 | F20: =COEFFICIENTS_SAISONNIERS_2026!G34 -> 4463003.4 | G20: =COEFFICIENTS_SAISONNIERS_2026!H34 -> 3920762 | H20: =COEFFICIENTS_SAISONNIERS_2026!I34 -> 4412909.2 | I20: =COEFFICIENTS_SAISONNIERS_2026!J34 -> 4221437.4 | ... M20: =COEFFICIENTS_SAISONNIERS_2026!N34 -> 4380429.9 | N20: =SUM(B20:M20) -> 50000000
A21: Variation (réalisé/prévu) | B21: =B18/B20 -> 1.0633953 | C21: =C18/C20 -> 0.98623844 | D21: =D18/D20 -> 1.0524208 | E21: =E18/E20 -> 0.99911987 | F21: =F18/F20 -> 0.85877403 | G21: =G18/G20 -> 0.9034657 | H21: =H18/H20 -> 0.9321948 | I21: =I18/I20 -> 0 | ... M21: =M18/M20 -> 0 | N21: =AVERAGEIF(B21:M21, "<>0") -> 0.97080127 | O21: moy | P21: TRAFIC GLOBAL | Q21: Trafic transit | R21: Trafic transbordement | S21: Trafic national
B22: Sur la base du réalisé | H22: =H17*$N19 -> 4306220.9 | I22: =I17*$N19 -> 4449964 | J22: =J17*$N19 -> 4005135.9 | K22: =K17*$N19 -> 3942998.4 | L22: =L17*$N19 -> 3842866.4 | M22: =M17*$N19 -> 4550970.3 | N22: =SUM(B18:M18)+SUM(E22:M22) -> 53118498 | P22: =SUM(Q22:S22) -> 53118498 | Q22: =N46 -> 4779678 | R22: =N58 -> 10855471 | S22: =N34 -> 37483349 | T22: Sur la base du réalisé
B23: Correction des prévisions | H23: =H20*$N21 -> 4284057.9 | I23: =I20*$N21 -> 4098176.8 | J23: =J20*$N21 -> 4021955.5 | K23: =K20*$N21 -> 4023031.9 | L23: =L20*$N21 -> 4061397.2 | M23: =M20*$N21 -> 4252527 | N23: =SUM(B18:M18)+SUM(E23:M23) -> 52761489 | O23: Trafic de l'exercice | P23: =SUM(Q23:S23) -> 52761489 | Q23: =N47 -> 4747553.8 | R23: =N59 -> 10782511 | S23: =N35 -> 37231423 | T23: Correction des prévisions
B24: Prévision avec les coefficients saisonniers | H24: =$N18*COEFFICIENTS_SAISONNIERS_2026!I33 -> 4239470.6 | I24: =$N18*COEFFICIENTS_SAISONNIERS_2026!J33 -> 4055524.2 | J24: =$N18*COEFFICIENTS_SAISONNIERS_2026!K33 -> 3980096.1 | K24: =$N18*COEFFICIENTS_SAISONNIERS_2026!L33 -> 3981161.3 | L24: =$N18*COEFFICIENTS_SAISONNIERS_2026!M33 -> 4019127.4 | M24: =$N18*COEFFICIENTS_SAISONNIERS_2026!N33 -> 4208267.9 | N24: =SUM(B18:M18)+SUM(E24:M24) -> 52503990 | P24: =SUM(Q24:S24) -> 52503990 | Q24: =N48 -> 4724383.7 | R24: =N60 -> 10729888 | S24: =N36 -> 37049718 | T24: Prévision avec les coefficients saisonniers
A26: TRAFIC NATIONAL (En tonne)
B28: Janv. | C28: Févr. | D28: Mars | E28: Avril | F28: Mai | G28: Juin | H28: Juil. | I28: Août | J28: Sept. | K28: Oct. | L28: Nov. | M28: Déc.
A29: Réalisé 2025 | B29: ='Trafic mens2025'!C718 -> 2475424.4 | C29: ='Trafic mens2025'!D718 -> 2632090.6 | D29: ='Trafic mens2025'!E718 -> 2741840 | E29: ='Trafic mens2025'!F718 -> 2755337.1 | F29: ='Trafic mens2025'!G718 -> 2951913.5 | G29: ='Trafic mens2025'!H718 -> 2637505.8 | H29: ='Trafic mens2025'!I718 -> 2991471.2 | I29: ='Trafic mens2025'!J718 -> 3244153.4 | ... M29: ='Trafic mens2025'!N718 -> 3241081.3 | N29: =SUM(B29:M29) -> 34475188
A30: Réalisé 2026 | B30: ='Trafic mens2026'!C1069 -> 3010311.1 | C30: ='Trafic mens2026'!D1069 -> 2680517.5 | D30: ='Trafic mens2026'!E1069 -> 2982124.4 | E30: ='Trafic mens2026'!F1069 -> 2992704.5 | F30: =+'Trafic mens2026'!Y1069 -> 2704573.1 | G30: =+'Trafic mens2026'!Z1069 -> 2499624.4 | H30: =+'Trafic mens2026'!AA1069 -> 2902847.8 | I30: =+'Trafic mens2026'!AB1069 -> 0 | J30: =+'Trafic mens2026'!AC1069 -> 0 | K30: =+'Trafic mens2026'!AD1069 -> 0 | L30: =+'Trafic mens2026'!AE1069 -> 0 | M30: =+'Trafic mens2026'!AF1069 -> 0 | N30: =AVERAGEIF(B30:M30, "<>0") -> 2824671.8 | O30: moy
A31: Variation 2026/2025 | B31: =B30/B29 -> 1.2160788 | C31: =C30/C29 -> 1.0183986 | D31: =D30/D29 -> 1.0876362 | E31: =E30/E29 -> 1.0861482 | F31: =F30/F29 -> 0.91621014 | G31: =G30/G29 -> 0.94772279 | H31: =H30/H29 -> 0.97037464 | I31: =I30/I29 -> 0 | ... M31: =M30/M29 -> 0 | N31: =AVERAGEIF(B31:M31, "<>0") -> 1.0346528 | O31: moy
A32: Prévision 2026 | B32: =COEFFICIENTS_SAISONNIERS_2026!C114 -> 2978791.2 | C32: =COEFFICIENTS_SAISONNIERS_2026!D114 -> 3018943.6 | D32: =COEFFICIENTS_SAISONNIERS_2026!E114 -> 3133339.8 | E32: =COEFFICIENTS_SAISONNIERS_2026!F114 -> 3288582.5 | F32: =COEFFICIENTS_SAISONNIERS_2026!G114 -> 3356974 | G32: =COEFFICIENTS_SAISONNIERS_2026!H114 -> 3033198.9 | H32: =COEFFICIENTS_SAISONNIERS_2026!I114 -> 3340623.7 | I32: =COEFFICIENTS_SAISONNIERS_2026!J114 -> 3151049 | ... M32: =COEFFICIENTS_SAISONNIERS_2026!N114 -> 3286409.4 | N32: =SUM(B32:M32) -> 38000000
A33: Variation (réalisé/prévu) | B33: =B30/B32 -> 1.0105814 | C33: =C30/C32 -> 0.88789913 | D33: =D30/D32 -> 0.95173988 | E33: =E30/E32 -> 0.91002872 | F33: =F30/F32 -> 0.80565804 | G33: =G30/G32 -> 0.82408852 | H33: =H30/H32 -> 0.86895385 | I33: =I30/I32 -> 0 | ... M33: =M30/M32 -> 0 | N33: =AVERAGEIF(B33:M33, "<>0") -> 0.89413566 | O33: moy
B34: Sur la base du réalisé | E34: =E22*'Trafic mens2026'!$P$1069 -> 0 | F34: =F22*'Trafic mens2026'!$P$1069 -> 0 | G34: =G22*'Trafic mens2026'!$P$1069 -> 0 | H34: =H22*'Trafic mens2026'!$P$1069 -> 3038707.5 | I34: =I22*'Trafic mens2026'!$P$1069 -> 3140140.6 | J34: =J22*'Trafic mens2026'!$P$1069 -> 2826245.3 | K34: =K22*'Trafic mens2026'!$P$1069 -> 2782397.7 | L34: =L22*'Trafic mens2026'!$P$1069 -> 2711739 | M34: =M22*'Trafic mens2026'!$P$1069 -> 3211416.2 | N34: =SUM(B30:M30)+SUM(E34:M34) -> 37483349
B35: Correction des prévisions | E35: =E23*'Trafic mens2026'!$P$1069 -> 0 | F35: =F23*'Trafic mens2026'!$P$1069 -> 0 | G35: =G23*'Trafic mens2026'!$P$1069 -> 0 | H35: =H23*'Trafic mens2026'!$P$1069 -> 3023068.1 | I35: =I23*'Trafic mens2026'!$P$1069 -> 2891900.2 | J35: =J23*'Trafic mens2026'!$P$1069 -> 2838114.2 | K35: =K23*'Trafic mens2026'!$P$1069 -> 2838873.7 | L35: =L23*'Trafic mens2026'!$P$1069 -> 2865946.4 | M35: =M23*'Trafic mens2026'!$P$1069 -> 3000818.1 | N35: =SUM(B30:M30)+SUM(E35:M35) -> 37231423 | O35: Trafic de l'exercice
B36: Prévision avec les coefficients saisonniers | E36: =E24*'Trafic mens2026'!$P$1069 -> 0 | F36: =F24*'Trafic mens2026'!$P$1069 -> 0 | G36: =G24*'Trafic mens2026'!$P$1069 -> 0 | H36: =H24*'Trafic mens2026'!$P$1069 -> 2991604.9 | I36: =I24*'Trafic mens2026'!$P$1069 -> 2861802.1 | J36: =J24*'Trafic mens2026'!$P$1069 -> 2808575.9 | K36: =K24*'Trafic mens2026'!$P$1069 -> 2809327.5 | L36: =L24*'Trafic mens2026'!$P$1069 -> 2836118.5 | M36: =M24*'Trafic mens2026'!$P$1069 -> 2969586.5 | N36: =SUM(B30:M30)+SUM(E36:M36) -> 37049718
A38: TRAFIC TRANSIT (En tonne)
B40: Janv. | C40: Févr. | D40: Mars | E40: Avril | F40: Mai | G40: Juin | H40: Juil. | I40: Août | J40: Sept. | K40: Oct. | L40: Nov. | M40: Déc.
A41: Réalisé 2025 | B41: ='Trafic mens2025'!C763 -> 314537.4 | C41: ='Trafic mens2025'!D763 -> 286803.71 | D41: ='Trafic mens2025'!E763 -> 176694.61 | E41: ='Trafic mens2025'!F763 -> 414105.37 | F41: ='Trafic mens2025'!G763 -> 339987.51 | G41: ='Trafic mens2025'!H763 -> 328865.23 | H41: ='Trafic mens2025'!I763 -> 422541.96 | I41: ='Trafic mens2025'!J763 -> 347369.04 | ... M41: ='Trafic mens2025'!N763 -> 372025.64 | N41: =SUM(B41:M41) -> 3938707.5
A42: Réalisé 2026 | B42: ='Trafic mens2026'!C1077 -> 328973.76 | C42: ='Trafic mens2026'!D1077 -> 401703.41 | D42: ='Trafic mens2026'!E1077 -> 401523.57 | E42: ='Trafic mens2026'!F1077 -> 355342.07 | F42: =+'Trafic mens2026'!Y1077 -> 344872.82 | G42: =+'Trafic mens2026'!Z1077 -> 318738.85 | H42: =+'Trafic mens2026'!AA1077 -> 370155.77 | I42: =+'Trafic mens2026'!AB1077 -> 0 | J42: =+'Trafic mens2026'!AC1077 -> 0 | K42: =+'Trafic mens2026'!AD1077 -> 0 | L42: =+'Trafic mens2026'!AE1077 -> 0 | M42: =+'Trafic mens2026'!AF1077 -> 0 | N42: =AVERAGEIF(B42:M42, "<>0") -> 360187.18 | O42: moy
A43: Variation 2026/2025 | B43: =B42/B41 -> 1.0458971 | C43: =C42/C41 -> 1.4006214 | D43: =D42/D41 -> 2.2724154 | E43: =E42/E41 -> 0.85809578 | F43: =F42/F41 -> 1.0143691 | G43: =G42/G41 -> 0.96920812 | H43: =H42/H41 -> 0.87602132 | I43: =I42/I41 -> 0 | ... M43: =M42/M41 -> 0 | N43: =AVERAGEIF(B43:M43, "<>0") -> 1.2052326 | O43: moy
A44: Prévision 2026 | B44: =COEFFICIENTS_SAISONNIERS_2026!C154 -> 333625.4 | C44: =COEFFICIENTS_SAISONNIERS_2026!D154 -> 314922.53 | D44: =COEFFICIENTS_SAISONNIERS_2026!E154 -> 322336.88 | E44: =COEFFICIENTS_SAISONNIERS_2026!F154 -> 354146.32 | F44: =COEFFICIENTS_SAISONNIERS_2026!G154 -> 385727.21 | G44: =COEFFICIENTS_SAISONNIERS_2026!H154 -> 264748.61 | H44: =COEFFICIENTS_SAISONNIERS_2026!I154 -> 347008.37 | I44: =COEFFICIENTS_SAISONNIERS_2026!J154 -> 331416.55 | ... M44: =COEFFICIENTS_SAISONNIERS_2026!N154 -> 337476.09 | N44: =SUM(B44:M44) -> 4000000
A45: Variation (réalisé/prévu) | B45: =B42/B44 -> 0.98605729 | C45: =C42/C44 -> 1.2755626 | D45: =D42/D44 -> 1.2456644 | E45: =E42/E44 -> 1.0033764 | F45: =F42/F44 -> 0.89408477 | G45: =G42/G44 -> 1.2039302 | H45: =H42/H44 -> 1.0667056 | I45: =I42/I44 -> 0 | ... M45: =M42/M44 -> 0 | N45: =AVERAGEIF(B45:M45, "<>0") -> 1.096483 | O45: moy
B46: Sur la base du réalisé | E46: =E22*'Trafic mens2026'!$P$1077 -> 0 | F46: =F22*'Trafic mens2026'!$P$1077 -> 0 | G46: =G22*'Trafic mens2026'!$P$1077 -> 0 | H46: =H22*'Trafic mens2026'!$P$1077 -> 387479.88 | I46: =I22*'Trafic mens2026'!$P$1077 -> 400414.09 | J46: =J22*'Trafic mens2026'!$P$1077 -> 360387.83 | K46: =K22*'Trafic mens2026'!$P$1077 -> 354796.6 | L46: =L22*'Trafic mens2026'!$P$1077 -> 345786.58 | M46: =M22*'Trafic mens2026'!$P$1077 -> 409502.78 | N46: =SUM(B42:M42)+SUM(E46:M46) -> 4779678
B47: Correction des prévisions | E47: =E23*'Trafic mens2026'!$P$1077 -> 0 | F47: =F23*'Trafic mens2026'!$P$1077 -> 0 | G47: =G23*'Trafic mens2026'!$P$1077 -> 0 | H47: =H23*'Trafic mens2026'!$P$1077 -> 385485.62 | I47: =I23*'Trafic mens2026'!$P$1077 -> 368759.78 | J47: =J23*'Trafic mens2026'!$P$1077 -> 361901.27 | K47: =K23*'Trafic mens2026'!$P$1077 -> 361998.13 | L47: =L23*'Trafic mens2026'!$P$1077 -> 365450.3 | M47: =M23*'Trafic mens2026'!$P$1077 -> 382648.42 | N47: =SUM(B42:M42)+SUM(E47:M47) -> 4747553.8 | O47: Trafic de l'exercice
B48: Prévision avec les coefficients saisonniers | E48: =E24*'Trafic mens2026'!$P$1077 -> 0 | F48: =F24*'Trafic mens2026'!$P$1077 -> 0 | G48: =G24*'Trafic mens2026'!$P$1077 -> 0 | H48: =H24*'Trafic mens2026'!$P$1077 -> 381473.59 | I48: =I24*'Trafic mens2026'!$P$1077 -> 364921.83 | J48: =J24*'Trafic mens2026'!$P$1077 -> 358134.71 | K48: =K24*'Trafic mens2026'!$P$1077 -> 358230.56 | L48: =L24*'Trafic mens2026'!$P$1077 -> 361646.8 | M48: =M24*'Trafic mens2026'!$P$1077 -> 378665.93 | N48: =SUM(B42:M42)+SUM(E48:M48) -> 4724383.7
A50: TRAFIC TRANSBORDEMENT (En tonne)
B52: Janv. | C52: Févr. | D52: Mars | E52: Avril | F52: Mai | G52: Juin | H52: Juil. | I52: Août | J52: Sept. | K52: Oct. | L52: Nov. | M52: Déc.
A53: Réalisé 2025 | B53: ='Trafic mens2025'!C739 -> 825183.71 | C53: ='Trafic mens2025'!D739 -> 864848.88 | D53: ='Trafic mens2025'!E739 -> 884699.35 | E53: ='Trafic mens2025'!F739 -> 674276.46 | F53: ='Trafic mens2025'!G739 -> 870337.78 | G53: ='Trafic mens2025'!H739 -> 659202.76 | H53: ='Trafic mens2025'!I739 -> 721282.98 | I53: ='Trafic mens2025'!J739 -> 681811.3 | ... M53: ='Trafic mens2025'!N739 -> 757223.89 | N53: =SUM(B53:M53) -> 8521705.6
A54: Réalisé 2026 | B54: ='Trafic mens2026'!C1075 -> 791444.04 | C54: ='Trafic mens2026'!D1075 -> 796118.75 | D54: ='Trafic mens2026'!E1075 -> 879124.5 | E54: ='Trafic mens2026'!F1075 -> 911778.32 | F54: =+'Trafic mens2026'!Y1075 -> 783265.51 | G54: =+'Trafic mens2026'!Z1075 -> 723910.77 | H54: =+'Trafic mens2026'!AA1075 -> 840687.42 | I54: =+'Trafic mens2026'!AB1075 -> 0 | J54: =+'Trafic mens2026'!AC1075 -> 0 | K54: =+'Trafic mens2026'!AD1075 -> 0 | L54: =+'Trafic mens2026'!AE1075 -> 0 | M54: =+'Trafic mens2026'!AF1075 -> 0 | N54: =AVERAGEIF(B54:M54, "<>0") -> 818047.04 | O54: moy
A55: Variation 2026/2025 | B55: =B54/B53 -> 0.95911253 | C55: =C54/C53 -> 0.92052932 | D55: =D54/D53 -> 0.9936986 | E55: =E54/E53 -> 1.3522322 | F55: =F54/F53 -> 0.89995578 | G55: =G54/G53 -> 1.098161 | H55: =H54/H53 -> 1.1655445 | I55: =I54/I53 -> 0 | ... M55: =M54/M53 -> 0 | N55: =AVERAGEIF(B55:M55, "<>0") -> 1.0556048 | O55: moy
A56: Prévision 2026 | B56: =COEFFICIENTS_SAISONNIERS_2026!C134 -> 553513.88 | C56: =COEFFICIENTS_SAISONNIERS_2026!D134 -> 588297 | D56: =COEFFICIENTS_SAISONNIERS_2026!E134 -> 577033.46 | E56: =COEFFICIENTS_SAISONNIERS_2026!F134 -> 599164.39 | F56: =COEFFICIENTS_SAISONNIERS_2026!G134 -> 719942.5 | G56: =COEFFICIENTS_SAISONNIERS_2026!H134 -> 625474.3 | H56: =COEFFICIENTS_SAISONNIERS_2026!I134 -> 732235.3 | I56: =COEFFICIENTS_SAISONNIERS_2026!J134 -> 760823.4 | ... M56: =COEFFICIENTS_SAISONNIERS_2026!N134 -> 776325.37 | N56: =SUM(B56:M56) -> 8000000
A57: Variation (réalisé/prévu) | B57: =B54/B56 -> 1.429854 | C57: =C54/C56 -> 1.3532599 | D57: =D54/D56 -> 1.5235243 | E57: =E54/E56 -> 1.5217498 | F57: =F54/F56 -> 1.0879557 | G57: =G54/G56 -> 1.1573789 | H57: =H54/H56 -> 1.148111 | I57: =I54/I56 -> 0 | ... M57: =M54/M56 -> 0 | N57: =AVERAGEIF(B57:M57, "<>0") -> 1.3174048 | O57: moy
B58: Sur la base du réalisé | E58: =E22*'Trafic mens2026'!$P$1075 -> 0 | F58: =F22*'Trafic mens2026'!$P$1075 -> 0 | G58: =G22*'Trafic mens2026'!$P$1075 -> 0 | H58: =H22*'Trafic mens2026'!$P$1075 -> 880033.46 | I58: =I22*'Trafic mens2026'!$P$1075 -> 909409.28 | J58: =J22*'Trafic mens2026'!$P$1075 -> 818502.75 | K58: =K22*'Trafic mens2026'!$P$1075 -> 805804.11 | L58: =L22*'Trafic mens2026'!$P$1075 -> 785340.82 | M58: =M22*'Trafic mens2026'!$P$1075 -> 930051.25 | N58: =SUM(B54:M54)+SUM(E58:M58) -> 10855471
B59: Correction des prévisions | E59: =E23*'Trafic mens2026'!$P$1075 -> 0 | F59: =F23*'Trafic mens2026'!$P$1075 -> 0 | G59: =G23*'Trafic mens2026'!$P$1075 -> 0 | H59: =H23*'Trafic mens2026'!$P$1075 -> 875504.15 | I59: =I23*'Trafic mens2026'!$P$1075 -> 837516.89 | J59: =J23*'Trafic mens2026'!$P$1075 -> 821940.05 | K59: =K23*'Trafic mens2026'!$P$1075 -> 822160.03 | L59: =L23*'Trafic mens2026'!$P$1075 -> 830000.5 | M59: =M23*'Trafic mens2026'!$P$1075 -> 869060.39 | N59: =SUM(B54:M54)+SUM(E59:M59) -> 10782511 | O59: Trafic de l'exercice
B60: Prévision avec les coefficients saisonniers | E60: =E24*'Trafic mens2026'!$P$1075 -> 0 | F60: =F24*'Trafic mens2026'!$P$1075 -> 0 | G60: =G24*'Trafic mens2026'!$P$1075 -> 0 | H60: =H24*'Trafic mens2026'!$P$1075 -> 866392.16 | I60: =I24*'Trafic mens2026'!$P$1075 -> 828800.26 | J60: =J24*'Trafic mens2026'!$P$1075 -> 813385.53 | K60: =K24*'Trafic mens2026'!$P$1075 -> 813603.22 | L60: =L24*'Trafic mens2026'!$P$1075 -> 821362.09 | M60: =M24*'Trafic mens2026'!$P$1075 -> 860015.46 | N60: =SUM(B54:M54)+SUM(E60:M60) -> 10729888
A62: TRAFIC CONTENEURS (En TEU)
B64: Janv. | C64: Févr. | D64: Mars | E64: Avril | F64: Mai | G64: Juin | H64: Juil. | I64: Août | J64: Sept. | K64: Oct. | L64: Nov. | M64: Déc.
A65: Réalisé 2025 | B65: ='Trafic mens2025'!C1201 -> 158014 | C65: ='Trafic mens2025'!D1201 -> 138758 | D65: ='Trafic mens2025'!E1201 -> 150740 | E65: ='Trafic mens2025'!F1201 -> 141918 | F65: ='Trafic mens2025'!G1201 -> 157734 | G65: ='Trafic mens2025'!H1201 -> 130245 | H65: ='Trafic mens2025'!I1201 -> 134863 | I65: ='Trafic mens2025'!J1201 -> 148944 | ... M65: ='Trafic mens2025'!N1201 -> 148531 | N65: =SUM(B65:M65) -> 1709308
A66: Réalisé 2026 | B66: ='Trafic mens2026'!C1201 -> 162428 | C66: ='Trafic mens2026'!D1201 -> 147867 | D66: ='Trafic mens2026'!E1201 -> 167378 | E66: ='Trafic mens2026'!F1201 -> 162680 | F66: ='Trafic mens2026'!Y1204 -> 146795.47 | G66: ='Trafic mens2026'!Z1204 -> 135671.52 | H66: ='Trafic mens2026'!AA1204 -> 157557.18 | I66: ='Trafic mens2026'!AB1204 -> 0 | J66: ='Trafic mens2026'!AC1204 -> 0 | K66: ='Trafic mens2026'!AD1204 -> 0 | L66: ='Trafic mens2026'!AE1204 -> 0 | M66: ='Trafic mens2026'!AF1204 -> 0 | N66: =AVERAGEIF(B66:M66, "<>0") -> 154339.6 | O66: moy
A67: Variation 2026/2025 | B67: =B66/B65 -> 1.0279342 | C67: =C66/C65 -> 1.0656467 | D67: =D66/D65 -> 1.1103755 | E67: =E66/E65 -> 1.1462957 | F67: =F66/F65 -> 0.93065206 | G67: =G66/G65 -> 1.0416639 | H67: =H66/H65 -> 1.1682758 | I67: =I66/I65 -> 0 | ... M67: =M66/M65 -> 0 | N67: =AVERAGEIF(B67:M67, "<>0") -> 1.0701206 | O67: moy
A68: Prévision 2026 | B68: =COEFFICIENTS_SAISONNIERS_2026!C174 -> 135684.66 | C68: =COEFFICIENTS_SAISONNIERS_2026!D174 -> 122266.74 | D68: =COEFFICIENTS_SAISONNIERS_2026!E174 -> 139023.46 | E68: =COEFFICIENTS_SAISONNIERS_2026!F174 -> 142027.54 | F68: =COEFFICIENTS_SAISONNIERS_2026!G174 -> 152487.52 | G68: =COEFFICIENTS_SAISONNIERS_2026!H174 -> 142225.56 | H68: =COEFFICIENTS_SAISONNIERS_2026!I174 -> 153125.74 | I68: =COEFFICIENTS_SAISONNIERS_2026!J174 -> 155625.76 | ... M68: =COEFFICIENTS_SAISONNIERS_2026!N174 -> 158958.66 | N68: =SUM(B68:M68) -> 1750000
A69: Variation (réalisé/prévu) | B69: =B66/B68 -> 1.1970992 | C69: =C66/C68 -> 1.2093804 | D69: =D66/D68 -> 1.2039551 | E69: =E66/E68 -> 1.1454117 | F69: =F66/F68 -> 0.96267206 | G69: =G66/G68 -> 0.95391799 | H69: =H66/H68 -> 1.0289399 | I69: =I66/I68 -> 0 | ... M69: =M66/M68 -> 0 | N69: =AVERAGEIF(B69:M69, "<>0") -> 1.1001966 | O69: moy
B70: Sur la base du réalisé | E70: ='Trafic mens2026'!X1108 -> 0 | F70: ='Trafic mens2026'!Y1108 -> 0 | G70: ='Trafic mens2026'!Z1108 -> 0 | H70: ='Trafic mens2026'!AA1108 -> 164931.21 | I70: ='Trafic mens2026'!AB1108 -> 170436.67 | J70: ='Trafic mens2026'!AC1108 -> 153399.45 | K70: ='Trafic mens2026'!AD1108 -> 151019.54 | L70: ='Trafic mens2026'!AE1108 -> 147184.41 | M70: ='Trafic mens2026'!AF1108 -> 174305.28 | N70: =SUM(B66:M66)+SUM(E70:M70) -> 2041653.7
B71: Correction des prévisions | E71: ='Trafic mens2026'!X1115 -> 0 | F71: ='Trafic mens2026'!Y1115 -> 0 | G71: ='Trafic mens2026'!Z1115 -> 0 | H71: ='Trafic mens2026'!AA1115 -> 164082.35 | I71: ='Trafic mens2026'!AB1115 -> 156962.98 | J71: ='Trafic mens2026'!AC1115 -> 154043.65 | K71: ='Trafic mens2026'!AD1115 -> 154084.88 | L71: ='Trafic mens2026'!AE1115 -> 155554.3 | M71: ='Trafic mens2026'!AF1115 -> 162874.69 | N71: =SUM(B66:M66)+SUM(E71:M71) -> 2027980 | O71: Trafic de l'exercice
B72: Prévision avec les coefficients saisonniers | E72: ='Trafic mens2026'!X1122 -> 0 | F72: ='Trafic mens2026'!Y1122 -> 0 | G72: ='Trafic mens2026'!Z1122 -> 0 | H72: ='Trafic mens2026'!AA1122 -> 162374.63 | I72: ='Trafic mens2026'!AB1122 -> 155329.35 | J72: ='Trafic mens2026'!AC1122 -> 152440.41 | K72: ='Trafic mens2026'!AD1122 -> 152481.2 | L72: ='Trafic mens2026'!AE1122 -> 153935.33 | M72: ='Trafic mens2026'!AF1122 -> 161179.54 | N72: =SUM(B66:M66)+SUM(E72:M72) -> 2018117.6
A74: TRAFIC CONTENEURS TRANSBORDES (En TEU)
B76: Janv. | C76: Févr. | D76: Mars | E76: Avril | F76: Mai | G76: Juin | H76: Juil. | I76: Août | J76: Sept. | K76: Oct. | L76: Nov. | M76: Déc.
A77: Réalisé 2025 | B77: ='Trafic mens2025'!C1205 -> 51450 | C77: ='Trafic mens2025'!D1205 -> 53158 | D77: ='Trafic mens2025'!E1205 -> 52393 | E77: ='Trafic mens2025'!F1205 -> 41671 | F77: ='Trafic mens2025'!G1205 -> 52673 | G77: ='Trafic mens2025'!H1205 -> 40859 | H77: ='Trafic mens2025'!I1205 -> 43756 | I77: ='Trafic mens2025'!J1205 -> 41617 | ... M77: ='Trafic mens2025'!N1205 -> 47561 | N77: =SUM(B77:M77) -> 522105
A78: Réalisé 2026 | B78: ='Trafic mens2026'!C1205 -> 48491 | C78: ='Trafic mens2026'!D1205 -> 50488 | D78: ='Trafic mens2026'!E1205 -> 54857 | E78: ='Trafic mens2026'!F1205 -> 56486 | F78: ='Trafic mens2026'!Y1205 -> 48089.82 | G78: ='Trafic mens2026'!Z1205 -> 44445.642 | H78: ='Trafic mens2026'!AA1205 -> 51615.329 | I78: ='Trafic mens2026'!AB1205 -> 0 | J78: ='Trafic mens2026'!AC1205 -> 0 | K78: ='Trafic mens2026'!AD1205 -> 0 | L78: ='Trafic mens2026'!AE1205 -> 0 | M78: ='Trafic mens2026'!AF1205 -> 0 | N78: =AVERAGEIF(B78:M78, "<>0") -> 50638.97 | O78: moy
A79: Variation 2026/2025 | B79: =B78/B77 -> 0.94248785 | C79: =C78/C77 -> 0.94977238 | D79: =D78/D77 -> 1.0470292 | E79: =E78/E77 -> 1.355523 | F79: =F78/F77 -> 0.91298806 | G79: =G78/G77 -> 1.087781 | H79: =H78/H77 -> 1.1796172 | I79: =I78/I77 -> 0 | ... M79: =M78/M77 -> 0 | N79: =AVERAGEIF(B79:M79, "<>0") -> 1.0678855 | O79: moy
A80: Prévision 2026 | B80: =COEFFICIENTS_SAISONNIERS_2026!C194 -> 39611.683 | C80: =COEFFICIENTS_SAISONNIERS_2026!D194 -> 43107.787 | D80: =COEFFICIENTS_SAISONNIERS_2026!E194 -> 41520.685 | E80: =COEFFICIENTS_SAISONNIERS_2026!F194 -> 43110.861 | F80: =COEFFICIENTS_SAISONNIERS_2026!G194 -> 51918.532 | G80: =COEFFICIENTS_SAISONNIERS_2026!H194 -> 46041.774 | H80: =COEFFICIENTS_SAISONNIERS_2026!I194 -> 52857.004 | I80: =COEFFICIENTS_SAISONNIERS_2026!J194 -> 57143.146 | ... M80: =COEFFICIENTS_SAISONNIERS_2026!N194 -> 57571.76 | N80: =SUM(B80:M80) -> 585000
A81: Variation (réalisé/prévu) | B81: =B78/B80 -> 1.224159 | C81: =C78/C80 -> 1.1712037 | D81: =D78/D80 -> 1.3211969 | E81: =E78/E80 -> 1.3102499 | F81: =F78/F80 -> 0.92625539 | G81: =G78/G80 -> 0.96533295 | H81: =H78/H80 -> 0.97650879 | I81: =I78/I80 -> 0 | ... M81: =M78/M80 -> 0 | N81: =AVERAGEIF(B81:M81, "<>0") -> 1.1278438 | O81: moy
B82: Sur la base du réalisé | E82: ='Trafic mens2026'!X1109 -> 0 | F82: ='Trafic mens2026'!Y1109 -> 0 | G82: ='Trafic mens2026'!Z1109 -> 0 | H82: ='Trafic mens2026'!AA1109 -> 54031.041 | I82: ='Trafic mens2026'!AB1109 -> 55834.615 | J82: ='Trafic mens2026'!AC1109 -> 50253.266 | K82: ='Trafic mens2026'!AD1109 -> 49473.613 | L82: ='Trafic mens2026'!AE1109 -> 48217.237 | M82: ='Trafic mens2026'!AF1109 -> 57101.962 | N82: =SUM(B78:M78)+SUM(E82:M82) -> 669384.52
B83: Correction des prévisions | E83: ='Trafic mens2026'!X1116 -> 0 | F83: ='Trafic mens2026'!Y1116 -> 0 | G83: ='Trafic mens2026'!Z1116 -> 0 | H83: ='Trafic mens2026'!AA1116 -> 53752.957 | I83: ='Trafic mens2026'!AB1116 -> 51420.669 | J83: ='Trafic mens2026'!AC1116 -> 50464.304 | K83: ='Trafic mens2026'!AD1116 -> 50477.81 | L83: ='Trafic mens2026'!AE1116 -> 50959.188 | M83: ='Trafic mens2026'!AF1116 -> 53357.332 | N83: =SUM(B78:M78)+SUM(E83:M83) -> 664905.05 | O83: Trafic de l'exercice
B84: Prévision avec les coefficients saisonniers | E84: ='Trafic mens2026'!X1123 -> 0 | F84: ='Trafic mens2026'!Y1123 -> 0 | G84: ='Trafic mens2026'!Z1123 -> 0 | H84: ='Trafic mens2026'!AA1123 -> 53193.512 | I84: ='Trafic mens2026'!AB1123 -> 50885.498 | J84: ='Trafic mens2026'!AC1123 -> 49939.086 | K84: ='Trafic mens2026'!AD1123 -> 49952.452 | L84: ='Trafic mens2026'!AE1123 -> 50428.819 | M84: ='Trafic mens2026'!AF1123 -> 52802.004 | N84: =SUM(B78:M78)+SUM(E84:M84) -> 661674.16

Sheet COEFFICIENTS_SAISONNIERS_2026
B2: Coefficients saisonniers 2026
B4: I-/ Trafic des escales navires (en nombre) | F4: Prévision annuelle DEESP_DSPP | J4: 2782
B5: Années | C5: Janvier | D5: Février | E5: Mars | F5: Avril | G5: Mai | H5: Juin | I5: Juillet | J5: Août | K5: Septembre | L5: Octobre | M5: Novembre | N5: Décembre | O5: Moyenne Annuelle
B6: 2021 | C6: 212 | D6: 186 | E6: 202 | F6: 185 | G6: 203 | H6: 188 | I6: 207 | J6: 189 | K6: 187 | L6: 190 | M6: 193 | N6: 189 | O6: =+AVERAGE(C6:N6) -> 194.25
B7: 2022 | C7: 190 | D7: 181 | E7: 174 | F7: 212 | G7: 188 | H7: 181 | I7: 198 | J7: 186 | K7: 175 | L7: 182 | M7: 196 | N7: 205 | O7: =+AVERAGE(C7:N7) -> 189
B8: 2023 | C8: 199 | D8: 176 | E8: 202 | F8: 197 | G8: 209 | H8: 182 | I8: 223 | J8: 208 | K8: 207 | L8: 230 | M8: 207 | N8: 242 | O8: =+AVERAGE(C8:N8) -> 206.83333
B9: 2024 | C9: 213 | D9: 199 | E9: 199 | F9: 201 | G9: 216 | H9: 209 | I9: 220 | J9: 197 | K9: 231 | L9: 234 | M9: 235 | N9: 241 | O9: =+AVERAGE(C9:N9) -> 216.25
B10: 2025 | C10: 246 | D10: 237 | E10: 244 | F10: 220 | G10: 247 | H10: 214 | I10: 212 | J10: 227 | K10: 209 | L10: 221 | M10: 228 | N10: 243 | O10: =+AVERAGE(C10:N10) -> 229
B11: Total | C11: =SUM(C6:C10) -> 1060 | D11: =SUM(D6:D10) -> 979 | E11: =SUM(E6:E10) -> 1021 | F11: =SUM(F6:F10) -> 1015 | G11: =SUM(G6:G10) -> 1063 | H11: =SUM(H6:H10) -> 974 | I11: =SUM(I6:I10) -> 1060 | J11: =SUM(J6:J10) -> 1007 | ... N11: =SUM(N6:N10) -> 1120
B12: Moyenne mensuelle | C12: =+C11/5 -> 212 | D12: =+D11/5 -> 195.8 | E12: =+E11/5 -> 204.2 | F12: =+F11/5 -> 203 | G12: =+G11/5 -> 212.6 | H12: =+H11/5 -> 194.8 | I12: =+I11/5 -> 212 | J12: =+J11/5 -> 201.4 | ... N12: =+N11/5 -> 224 | O12: =AVERAGE(C12:N12) -> 207.06667 | P12: Moyenne des moyennes
B13: Coef. | C13: =C12/$O$12 -> 1.0238249 | D13: =D12/$O$12 -> 0.94558918 | E13: =E12/$O$12 -> 0.98615583 | F13: =F12/$O$12 -> 0.98036059 | G13: =G12/$O$12 -> 1.0267225 | H13: =H12/$O$12 -> 0.94075982 | I13: =I12/$O$12 -> 1.0238249 | J13: =J12/$O$12 -> 0.97263361 | ... N13: =N12/$O$12 -> 1.0817772 | O13: =AVERAGE(C13:N13) -> 1
B14: Prév. 2024 | C14: =C13*$O$14 -> 237.35673 | D14: =D13*$O$14 -> 219.21909 | E14: =E13*$O$14 -> 228.62379 | F14: =F13*$O$14 -> 227.28026 | G14: =G13*$O$14 -> 238.02849 | H14: =H13*$O$14 -> 218.09948 | I14: =I13*$O$14 -> 237.35673 | J14: =J13*$O$14 -> 225.48889 | ... N14: =N13*$O$14 -> 250.79202 | O14: =J4/12 -> 231.83333
B24: II-/ Trafic global PA (en tonne) | F24: Objectif annuel DG | J24: 50000000
B25: Années | C25: Janvier | D25: Février | E25: Mars | F25: Avril | G25: Mai | H25: Juin | I25: Juillet | J25: Août | K25: Septembre | L25: Octobre | M25: Novembre | N25: Décembre | O25: Moyenne Annuelle
B26: 2021 | C26: 2223169.4 | D26: 2173246.3 | E26: 2436883.9 | F26: 2434519 | G26: 2516183.4 | H26: 2498912.4 | I26: 2754609.9 | J26: 2073864.1 | K26: 2377822.5 | L26: 2206532.8 | M26: 2492475.6 | N26: 2125649.4 | O26: =+AVERAGE(C26:N26) -> 2359489.1
B27: 2022 | C27: 2190991 | D27: 2302829.8 | E27: 2517802.3 | F27: 2561043.4 | G27: 2624709.2 | H27: 2314960.1 | I27: 2572759.8 | J27: 2468715.1 | K27: 2152902.8 | L27: 2429934.6 | M27: 2328710.1 | N27: 2203744.2 | O27: =+AVERAGE(C27:N27) -> 2389091.9
B28: 2023 | C28: 2886618.3 | D28: 2621699.1 | E28: 2727007 | F28: 2889461.2 | G28: 2921298.1 | H28: 2503381.9 | I28: 2887044.3 | J28: 3109845.9 | K28: 2957123 | L28: 3036907.3 | M28: 2892474.2 | N28: 3271139.8 | O28: =+AVERAGE(C28:N28) -> 2892000
B29: 2024 | C29: 2969157.2 | D29: 3175084.5 | E29: 2993427.6 | F29: 3511455.7 | G29: 3728619.1 | H29: 3071973.2 | I29: 3424276.2 | J29: 3163809.8 | K29: 3474909.8 | L29: 3353017.8 | M29: 3550152.3 | N29: 3687024.8 | O29: =+AVERAGE(C29:N29) -> 3341909
B30: 2025 | C30: 3615145.5 | D30: 3783743.2 | E30: 3803233.9 | F30: 3843719 | G30: 4162238.8 | H30: 3625573.8 | I30: 4135296.2 | J30: 4273333.7 | K30: 3846162 | L30: 3786490.8 | M30: 3690333.4 | N30: 4370330.8 | O30: =+AVERAGE(C30:N30) -> 3911300.1
B31: Total | C31: =SUM(C26:C30) -> 13885081 | D31: =SUM(D26:D30) -> 14056603 | E31: =SUM(E26:E30) -> 14478355 | F31: =SUM(F26:F30) -> 15240198 | G31: =SUM(G26:G30) -> 15953049 | H31: =SUM(H26:H30) -> 14014801 | I31: =SUM(I26:I30) -> 15773986 | J31: =SUM(J26:J30) -> 15089569 | ... N31: =SUM(N26:N30) -> 15657889
B32: Moyenne mensuelle | C32: =C31/5 -> 2777016.3 | D32: =D31/5 -> 2811320.6 | E32: =E31/5 -> 2895670.9 | F32: =F31/5 -> 3048039.7 | G32: =G31/5 -> 3190609.7 | H32: =H31/5 -> 2802960.3 | I32: =I31/5 -> 3154797.3 | J32: =J31/5 -> 3017913.7 | ... N32: =N31/5 -> 3131577.8 | O32: =AVERAGE(C32:N32) -> 2978758 | P32: Moyenne des moyennes
B33: Coef. | C33: =C32/$O$32 -> 0.93227321 | D33: =D32/$O$32 -> 0.94378952 | E33: =E32/$O$32 -> 0.97210681 | F33: =F32/$O$32 -> 1.0232586 | G33: =G32/$O$32 -> 1.0711208 | H33: =H32/$O$32 -> 0.94098288 | I33: =I32/$O$32 -> 1.0590982 | J33: =J32/$O$32 -> 1.013145 | ... N33: =N32/$O$32 -> 1.0513032 | O33: =AVERAGE(C33:N33) -> 1
B34: Prév. 2024 | C34: =C33*$O$34 -> 3884471.7 | D34: =D33*$O$34 -> 3932456.3 | E34: =E33*$O$34 -> 4050445 | F34: =F33*$O$34 -> 4263577.4 | G34: =G33*$O$34 -> 4463003.4 | H34: =H33*$O$34 -> 3920762 | I34: =I33*$O$34 -> 4412909.2 | J34: =J33*$O$34 -> 4221437.4 | ... N34: =N33*$O$34 -> 4380429.9 | O34: =+J24/12 -> 4166666.7
B44: III-/ Trafic national et transit des produits pétroliers (en tonne) | F44: Objectif annuel DEESP_DSPP | J44: 12500000
B45: Années | C45: Janvier | D45: Février | E45: Mars | F45: Avril | G45: Mai | H45: Juin | I45: Juillet | J45: Août | K45: Septembre | L45: Octobre | M45: Novembre | N45: Décembre | O45: Moyenne Annuelle
B46: 2021 | C46: 524642.26 | D46: 692964.75 | E46: 432596.09 | F46: 700178.07 | G46: 447449.81 | H46: 720406.88 | I46: 726924.61 | J46: 362636.68 | K46: 516475.47 | L46: 429557.92 | M46: 726306.57 | N46: 437735.91 | O46: =AVERAGE(C46:N46) -> 559822.92
B47: 2022 | C47: 573082.96 | D47: 627857.43 | E47: 559740.47 | F47: 623000.94 | G47: 606821.78 | H47: 592851.05 | I47: 522382.94 | J47: 606250.82 | K47: 625933.11 | L47: 851901.47 | M47: 588988.43 | N47: 472017.68 | O47: =AVERAGE(C47:N47) -> 604235.76
B48: 2023 | C48: 796707.82 | D48: 696721.63 | E48: 553717.82 | F48: 748309.06 | G48: 754052.26 | H48: 545436.43 | I48: 414020.7 | J48: 812863.57 | K48: 821040.77 | L48: 781799.77 | M48: 603367.29 | N48: 859103.3 | O48: =AVERAGE(C48:N48) -> 698928.37
B49: 2024 | C49: 824547.31 | D49: 888800.13 | E49: 765366.99 | F49: 700200.43 | G49: 876045.51 | H49: 564320.36 | I49: 995683.53 | J49: 784280.75 | K49: 796545.05 | L49: 710712.92 | M49: 828509.75 | N49: 721098.84 | O49: =AVERAGE(C49:N49) -> 788009.3
B50: 2025 | C50: 989187.7 | D50: 758511.38 | E50: 915160.21 | F50: 853163.81 | G50: 879849.38 | H50: 876832.92 | I50: 1016953.4 | J50: 1052462.4 | K50: 1059584.6 | L50: 821461.43 | M50: 937973.91 | N50: 1201150.7 | O50: =AVERAGE(C50:N50) -> 946857.65
B51: Total | C51: =SUM(C46:C50) -> 3708168 | D51: =SUM(D46:D50) -> 3664855.3 | E51: =SUM(E46:E50) -> 3226581.6 | F51: =SUM(F46:F50) -> 3624852.3 | G51: =SUM(G46:G50) -> 3564218.7 | H51: =SUM(H46:H50) -> 3299847.6 | I51: =SUM(I46:I50) -> 3675965.2 | J51: =SUM(J46:J50) -> 3618494.2 | ... N51: =SUM(N46:N50) -> 3691106.5
B52: Moyenne mensuelle | C52: =C51/5 -> 741633.61 | D52: =D51/5 -> 732971.06 | E52: =E51/5 -> 645316.32 | F52: =F51/5 -> 724970.46 | G52: =G51/5 -> 712843.75 | H52: =H51/5 -> 659969.53 | I52: =I51/5 -> 735193.03 | J52: =J51/5 -> 723698.84 | ... N52: =N51/5 -> 738221.3 | O52: =AVERAGE(C52:N52) -> 719570.8 | P52: Moyenne des moyennes
B53: Coef. | C53: =C52/$O$52 -> 1.0306611 | D53: =D52/$O$52 -> 1.0186226 | E53: =E52/$O$52 -> 0.89680726 | F53: =F52/$O$52 -> 1.007504 | G53: =G52/$O$52 -> 0.9906513 | H53: =H52/$O$52 -> 0.91717108 | I53: =I52/$O$52 -> 1.0217105 | J53: =J52/$O$52 -> 1.0057368 | ... N53: =N52/$O$52 -> 1.0259189 | O53: =AVERAGE(C53:N53) -> 1
B54: Prév. 2024 | C54: =C53*$O$54 -> 1073605.3 | D54: =D53*$O$54 -> 1061065.2 | E54: =E53*$O$54 -> 934174.23 | F54: =F53*$O$54 -> 1049483.3 | G54: =G53*$O$54 -> 1031928.4 | H54: =H53*$O$54 -> 955386.54 | I54: =I53*$O$54 -> 1064281.8 | J54: =J53*$O$54 -> 1047642.5 | ... N54: =N53*$O$54 -> 1068665.5 | O54: =J44/12 -> 1041666.7
B64: IV-/ Trafic national et transit des marchandises générales (en tonne) | F64: Objectif annuel DEESP_DSPP | J64: =+J24-J44-J84 -> 36505000
B65: Années | C65: Janvier | D65: Février | E65: Mars | F65: Avril | G65: Mai | H65: Juin | I65: Juillet | J65: Août | K65: Septembre | L65: Octobre | M65: Novembre | N65: Décembre | O65: Moyenne Annuelle
B66: 2021 | C66: 1550434 | D66: 1409707.5 | E66: 1927805.1 | F66: 1625428.3 | G66: 1937441.5 | H66: 1682707.9 | I66: 1932451.3 | J66: 1620388.9 | K66: 1768084.1 | L66: 1677866.2 | M66: 1661718.6 | N66: 1591774.4 | O66: =AVERAGE(C66:N66) -> 1698817.3
B67: 2022 | C67: 1507457.5 | D67: 1603946.6 | E67: 1881617.2 | F67: 1830945.2 | G67: 1905153.8 | H67: 1627957.1 | I67: 1946211.7 | J67: 1777763.3 | K67: 1444935.2 | L67: 1493374.3 | M67: 1635252.8 | N67: 1615369.6 | O67: =AVERAGE(C67:N67) -> 1689165.4
B68: 2023 | C68: 1909648.3 | D68: 1798320.5 | E68: 2052485.3 | F68: 1965522.7 | G68: 1848842.5 | H68: 1563615.1 | I68: 1848251.5 | J68: 1671542.5 | K68: 1515384.6 | L68: 1555403.5 | M68: 1740824.9 | N68: 1834644.6 | O68: =AVERAGE(C68:N68) -> 1775373.8
B69: 2024 | C69: 1602385.5 | D69: 1579743.3 | E69: 1561505.2 | F69: 1976294.5 | G69: 2007500.4 | H69: 1744715.5 | I69: 1670958.9 | J69: 1519471.6 | K69: 1879011.7 | L69: 1764559 | M69: 1833067.5 | N69: 2063549.2 | O69: =AVERAGE(C69:N69) -> 1766896.9
B70: 2025 | C70: 1723653.4 | D70: 2088025.9 | E70: 1928500.8 | F70: 2235875.6 | G70: 2318140.3 | H70: 2009422.8 | I70: 2333317 | J70: 2460484.4 | K70: 2183710.7 | L70: 2409514.2 | M70: 2089600.3 | N70: 2332338.2 | O70: =AVERAGE(C70:N70) -> 2176048.6
B71: Total | C71: =SUM(C66:C70) -> 8293578.8 | D71: =SUM(D66:D70) -> 8479743.9 | E71: =SUM(E66:E70) -> 9351913.7 | F71: =SUM(F66:F70) -> 9634066.2 | G71: =SUM(G66:G70) -> 10017078 | H71: =SUM(H66:H70) -> 8628418.4 | I71: =SUM(I66:I70) -> 9731190.4 | J71: =SUM(J66:J70) -> 9049650.6 | ... N71: =SUM(N66:N70) -> 9437676.1
B72: Moyenne mensuelle | C72: =C71/5 -> 1658715.8 | D72: =D71/5 -> 1695948.8 | E72: =E71/5 -> 1870382.7 | F72: =F71/5 -> 1926813.2 | G72: =G71/5 -> 2003415.7 | H72: =H71/5 -> 1725683.7 | I72: =I71/5 -> 1946238.1 | J72: =J71/5 -> 1809930.1 | ... N72: =N71/5 -> 1887535.2 | O72: =AVERAGE(C72:N72) -> 1821260.4 | P72: Moyenne des moyennes
B73: Coef. | C73: =C72/$O$72 -> 0.91075156 | D73: =D72/$O$72 -> 0.93119511 | E73: =E72/$O$72 -> 1.0269716 | F73: =F72/$O$72 -> 1.0579559 | G73: =G72/$O$72 -> 1.1000161 | H73: =H72/$O$72 -> 0.94752166 | I73: =I72/$O$72 -> 1.0686215 | J73: =J72/$O$72 -> 0.99377888 | ... N73: =N72/$O$72 -> 1.0363895 | O73: =AVERAGE(C73:N73) -> 1
B74: Prév. 2024 | C74: =C73*$O$74 -> 2770582.1 | D74: =D73*$O$74 -> 2832773.1 | E74: =E73*$O$74 -> 3124133.2 | F74: =F73*$O$74 -> 3218390.1 | G74: =G73*$O$74 -> 3346340.5 | H74: =H73*$O$74 -> 2882439.9 | I74: =I73*$O$74 -> 3250835.7 | J74: =J73*$O$74 -> 3023158.2 | ... N74: =N73*$O$74 -> 3152783.3 | O74: =J64/12 -> 3042083.3
B84: V-/Trafic des produits de pêche sans le transbordement du Port de Commerce (en tonne) | F84: Objectif annuel DEESP_DSPP | J84: 995000
B85: Années | C85: Janvier | D85: Février | E85: Mars | F85: Avril | G85: Mai | H85: Juin | I85: Juillet | J85: Août | K85: Septembre | L85: Octobre | M85: Novembre | N85: Décembre | O85: Moyenne Annuelle | R85: GLOBAL | S85: 33127147
B86: 2021 | C86: 91747.851 | D86: 54804.658 | E86: 60809.883 | F86: 67666.914 | G86: 106359.17 | H86: 80533.084 | I86: 80601.598 | J86: 69547.491 | K86: 73893.078 | L86: 75066.915 | M86: 82710.648 | N86: 78196.567 | O86: =AVERAGE(C86:N86) -> 76828.155 | R86: PET | S86: 7500000
B87: 2022 | C87: 89890.917 | D87: 55663.55 | E87: 61409.372 | F87: 85936.707 | G87: 88010.142 | H87: 80793.951 | I87: 81082.789 | J87: 74476.492 | K87: 69843.601 | L87: 68620.243 | M87: 90425.909 | N87: 98119.262 | O87: =AVERAGE(C87:N87) -> 78689.411 | R87: MG | S87: =+S85-S86-S88 -> 24646708
B88: 2023 | C88: 75387.498 | D88: 57400.229 | E88: 58907.472 | F88: 83583.775 | G88: 83895.387 | H88: 77040.264 | I88: 58977.48 | J88: 57707.974 | K88: 86569.126 | L88: 93463.272 | M88: 84391.275 | N88: 94310.194 | O88: =AVERAGE(C88:N88) -> 75969.496 | R88: PECHE | S88: 980439
B89: 2024 | C89: 82608.208 | D89: 69872.889 | E89: 69375.241 | F89: 63160.666 | G89: 66119.142 | H89: 74351.018 | I89: 81938.689 | J89: 67012.074 | K89: 76025.81 | L89: 76364.134 | M89: 87017.759 | N89: 78689.75 | O89: =AVERAGE(C89:N89) -> 74377.948
B90: 2025 | C90: 92913.293 | D90: 77226.747 | E90: 78177.887 | F90: 84998.337 | G90: 96843.168 | H90: 84465.719 | I90: 65998.217 | J90: 81077.61 | K90: 79047.083 | L90: 90753.234 | M90: 79312.057 | N90: 81032.934 | O90: =AVERAGE(C90:N90) -> 82653.857 | R90: NAT | S90: 25521154
B91: Total | C91: =SUM(C86:C90) -> 432547.77 | D91: =SUM(D86:D90) -> 314968.07 | E91: =SUM(E86:E90) -> 328679.85 | F91: =SUM(F86:F90) -> 385346.4 | G91: =SUM(G86:G90) -> 441227.01 | H91: =SUM(H86:H90) -> 397184.04 | I91: =SUM(I86:I90) -> 368598.77 | J91: =SUM(J86:J90) -> 349821.64 | ... N91: =SUM(N86:N90) -> 430348.71 | R91: TRANSBO | S91: =+S85-S90-S92 -> 4044825
B92: Moyenne mensuelle | C92: =C91/5 -> 86509.554 | D92: =D91/5 -> 62993.615 | E92: =E91/5 -> 65735.971 | F92: =F91/5 -> 77069.28 | G92: =G91/5 -> 88245.401 | H92: =H91/5 -> 79436.807 | I92: =I91/5 -> 73719.755 | J92: =J91/5 -> 69964.328 | ... N92: =N91/5 -> 86069.741 | O92: =AVERAGE(C92:N92) -> 77703.773 | P92: Moyenne des moyennes | R92: TRANSIT | S92: 3561168
B93: Coef. | C93: =C92/$O$92 -> 1.113325 | D93: =D92/$O$92 -> 0.81068926 | E93: =E92/$O$92 -> 0.84598171 | F93: =F92/$O$92 -> 0.99183446 | G93: =G92/$O$92 -> 1.1356643 | H93: =H92/$O$92 -> 1.0223031 | I93: =I92/$O$92 -> 0.94872812 | J93: =J92/$O$92 -> 0.90039808 | ... N93: =N92/$O$92 -> 1.1076649 | O93: =AVERAGE(C93:N93) -> 1
B94: Prév. 2024 | C94: =C93*$O$94 -> 92313.198 | D94: =D93*$O$94 -> 67219.651 | E94: =E93*$O$94 -> 70145.983 | F94: =F93*$O$94 -> 82239.607 | G94: =G93*$O$94 -> 94165.498 | H94: =H93*$O$94 -> 84765.964 | I94: =I93*$O$94 -> 78665.373 | J94: =J93*$O$94 -> 74658.007 | ... N94: =N93*$O$94 -> 91843.88 | O94: =J84/12 -> 82916.667
B104: VI-/Trafic national (en tonne) | F104: Objectif annuel DG | J104: 38000000
B105: Années | C105: Janvier | D105: Février | E105: Mars | F105: Avril | G105: Mai | H105: Juin | I105: Juillet | J105: Août | K105: Septembre | L105: Octobre | M105: Novembre | N105: Décembre | O105: Moyenne Annuelle
B106: 2021 | C106: 1862347.7 | D106: 1979097.7 | E106: 2154556.5 | F106: 2142140.1 | G106: 2173819.1 | H106: 2361417 | I106: 2428841.7 | J106: 1786761.2 | K106: 2027765.6 | L106: 1954608.8 | M106: 2162503.5 | N106: 1874205.6 | O106: =AVERAGE(C106:N106) -> 2075672
B107: 2022 | C107: 1857278.3 | D107: 1985214.3 | E107: 2172950.4 | F107: 2238510.9 | G107: 2296113.3 | H107: 2066663.5 | I107: 2278911.2 | J107: 2215745.4 | K107: 1918348.1 | L107: 2187898.1 | M107: 2079673.5 | N107: 1920053.7 | O107: =AVERAGE(C107:N107) -> 2101446.7
B108: 2023 | C108: 2505075.6 | D108: 2278596.6 | E108: 2421550.6 | F108: 2531745.8 | G108: 2412627.8 | H108: 2047036.3 | I108: 2071051.1 | J108: 2325949.9 | K108: 2182734.7 | L108: 2174176.2 | M108: 2170232 | N108: 2496116.4 | O108: =AVERAGE(C108:N108) -> 2301407.8
B109: 2024 | C109: 2334690.8 | D109: 2308560.8 | E109: 2116438.5 | F109: 2514692.5 | G109: 2601306.5 | H109: 2123745.2 | I109: 2604935.9 | J109: 2100329.3 | K109: 2437648 | L109: 2298554.2 | M109: 2468202.3 | N109: 2642919.5 | O109: =AVERAGE(C109:N109) -> 2379335.3
B110: 2025 | C110: 2475424.4 | D110: 2632090.6 | E110: 2741840 | F110: 2755337.1 | G110: 2951913.5 | H110: 2637505.8 | I110: 2991471.2 | J110: 3244153.4 | K110: 3026633 | L110: 2885178.9 | M110: 2892558.8 | N110: 3241081.3 | O110: =AVERAGE(C110:N110) -> 2872932.3
B111: Total | C111: =SUM(C106:C110) -> 11034817 | D111: =SUM(D106:D110) -> 11183560 | E111: =SUM(E106:E110) -> 11607336 | F111: =SUM(F106:F110) -> 12182427 | G111: =SUM(G106:G110) -> 12435780 | H111: =SUM(H106:H110) -> 11236368 | I111: =SUM(I106:I110) -> 12375211 | J111: =SUM(J106:J110) -> 11672939 | ... N111: =SUM(N106:N110) -> 12174376
B112: Moyenne mensuelle | C112: =C111/5 -> 2206963.3 | D112: =D111/5 -> 2236712 | E112: =E111/5 -> 2321467.2 | F112: =F111/5 -> 2436485.3 | G112: =G111/5 -> 2487156 | H112: =H111/5 -> 2247273.6 | I112: =I111/5 -> 2475042.2 | J112: =J111/5 -> 2334587.8 | ... N112: =N111/5 -> 2434875.3 | O112: =AVERAGE(C112:N112) -> 2346158.8 | P112: Moyenne des moyennes
B113: Coef. | C113: =C112/$O$112 -> 0.9406709 | D113: =D112/$O$112 -> 0.95335063 | E113: =E112/$O$112 -> 0.98947573 | F113: =F112/$O$112 -> 1.0384997 | G113: =G112/$O$112 -> 1.060097 | H113: =H112/$O$112 -> 0.95785228 | I113: =I112/$O$112 -> 1.0549338 | J113: =J112/$O$112 -> 0.99506811 | ... N113: =N112/$O$112 -> 1.0378135 | O113: =AVERAGE(C113:N113) -> 1
B114: Prév. 2024 | C114: =C113*$O$114 -> 2978791.2 | D114: =D113*$O$114 -> 3018943.6 | E114: =E113*$O$114 -> 3133339.8 | F114: =F113*$O$114 -> 3288582.5 | G114: =G113*$O$114 -> 3356974 | H114: =H113*$O$114 -> 3033198.9 | I114: =I113*$O$114 -> 3340623.7 | J114: =J113*$O$114 -> 3151049 | ... N114: =N113*$O$114 -> 3286409.4 | O114: =J104/12 -> 3166666.7
B124: VII-/ Trafic de transbordement (en tonne) | F124: Objectif annuel DEESP_DSPP | J124: =+J24-J104-J144 -> 8000000 | L124: Déduction
B125: Années | C125: Janvier | D125: Février | E125: Mars | F125: Avril | G125: Mai | H125: Juin | I125: Juillet | J125: Août | K125: Septembre | L125: Octobre | M125: Novembre | N125: Décembre | O125: Moyenne Annuelle
B126: 2021 | C126: 83831.802 | D126: 21391.902 | E126: 21299.3 | F126: 54297.506 | G126: 55559.077 | H126: 27072.813 | I126: 31734.293 | J126: 35210.83 | K126: 31726.34 | L126: 37558.774 | M126: 39632.948 | N126: 30764.69 | O126: =AVERAGE(C126:N126) -> 39173.356
B127: 2022 | C127: 45632.541 | D127: 22864.572 | E127: 28346.636 | F127: 47711.27 | G127: 41949.935 | H127: 25514.692 | I127: 31498.983 | J127: 21597.338 | K127: 17897.393 | L127: 27087.071 | M127: 25201.849 | N127: 43107.117 | O127: =AVERAGE(C127:N127) -> 31534.116
B128: 2023 | C128: 114107.22 | D128: 73557.965 | E128: 67377.429 | F128: 105266.29 | G128: 244534.66 | H128: 326690.24 | I128: 567079.99 | J128: 573202.3 | K128: 537772.26 | L128: 616840.93 | M128: 470276.9 | N128: 493313.84 | O128: =AVERAGE(C128:N128) -> 349168.34
B129: 2024 | C129: 466674.59 | D129: 649253.79 | E129: 598949.7 | F129: 780511.4 | G129: 784716.09 | H129: 696565.25 | I129: 679601.12 | J129: 798678.09 | K129: 728231.25 | L129: 807032.02 | M129: 812224.01 | N129: 829092.28 | O129: =AVERAGE(C129:N129) -> 719294.13
B130: 2025 | C130: 825183.71 | D130: 864848.88 | E130: 884699.35 | F130: 674276.46 | G130: 870337.78 | H130: 659202.76 | I130: 721282.98 | J130: 681811.3 | K130: 529074.08 | L130: 469035.19 | M130: 584729.26 | N130: 757223.89 | O130: =AVERAGE(C130:N130) -> 710142.14
B131: Total | C131: =SUM(C126:C130) -> 1535429.9 | D131: =SUM(D126:D130) -> 1631917.1 | E131: =SUM(E126:E130) -> 1600672.4 | F131: =SUM(F126:F130) -> 1662062.9 | G131: =SUM(G126:G130) -> 1997097.5 | H131: =SUM(H126:H130) -> 1735045.8 | I131: =SUM(I126:I130) -> 2031197.4 | J131: =SUM(J126:J130) -> 2110499.9 | ... N131: =SUM(N126:N130) -> 2153501.8
B132: Moyenne mensuelle | C132: =C131/5 -> 307085.97 | D132: =D131/5 -> 326383.42 | E132: =E131/5 -> 320134.48 | F132: =F131/5 -> 332412.59 | G132: =G131/5 -> 399419.51 | H132: =H131/5 -> 347009.15 | I132: =I131/5 -> 406239.47 | J132: =J131/5 -> 422099.97 | ... N132: =N131/5 -> 430700.36 | O132: =AVERAGE(C132:N132) -> 369862.42 | P132: Moyenne des moyennes
B133: Coef. | C133: =C132/$O$132 -> 0.83027083 | D133: =D132/$O$132 -> 0.88244549 | E133: =E132/$O$132 -> 0.86555019 | F133: =F132/$O$132 -> 0.89874659 | G133: =G132/$O$132 -> 1.0799137 | H133: =H132/$O$132 -> 0.93821144 | I133: =I132/$O$132 -> 1.0983529 | J133: =J132/$O$132 -> 1.1412351 | ... N133: =N132/$O$132 -> 1.164488 | O133: =AVERAGE(C133:N133) -> 1
B134: Prév. 2024 | C134: =C133*$O$134 -> 553513.88 | D134: =D133*$O$134 -> 588297 | E134: =E133*$O$134 -> 577033.46 | F134: =F133*$O$134 -> 599164.39 | G134: =G133*$O$134 -> 719942.5 | H134: =H133*$O$134 -> 625474.3 | I134: =I133*$O$134 -> 732235.3 | J134: =J133*$O$134 -> 760823.4 | ... N134: =N133*$O$134 -> 776325.37 | O134: =J124/12 -> 666666.67
B144: VIII-/ Trafic de transit (en tonne) | F144: Objectif annuel DG | J144: 4000000
B145: Années | C145: Janvier | D145: Février | E145: Mars | F145: Avril | G145: Mai | H145: Juin | I145: Juillet | J145: Août | K145: Septembre | L145: Octobre | M145: Novembre | N145: Décembre | O145: Moyenne Annuelle
B146: 2021 | C146: 276989.92 | D146: 172756.71 | E146: 261028.07 | F146: 238081.43 | G146: 286805.27 | H146: 110422.57 | I146: 294033.9 | J146: 251892.12 | K146: 318330.51 | L146: 214365.23 | M146: 290339.09 | N146: 220679.1 | O146: =AVERAGE(C146:N146) -> 244643.66
B147: 2022 | C147: 288080.22 | D147: 294750.97 | E147: 316505.19 | F147: 274821.17 | G147: 286645.93 | H147: 222781.93 | I147: 262349.66 | J147: 231372.38 | K147: 216657.29 | L147: 214949.5 | M147: 223834.72 | N147: 240583.34 | O147: =AVERAGE(C147:N147) -> 256111.02
B148: 2023 | C148: 267435.52 | D148: 269544.54 | E148: 238078.97 | F148: 252449.09 | G148: 264135.55 | H148: 129655.39 | I148: 248913.23 | J148: 210693.67 | K148: 236616.1 | L148: 245890.2 | M148: 251965.26 | N148: 281709.55 | O148: =AVERAGE(C148:N148) -> 241423.92
B149: 2024 | C149: 167791.82 | D149: 217269.96 | E149: 278039.39 | F149: 216251.83 | G149: 342596.53 | H149: 251662.77 | I149: 139739.12 | J149: 264802.45 | K149: 309030.56 | L149: 247431.64 | M149: 269726.03 | N149: 215013.01 | O149: =AVERAGE(C149:N149) -> 243279.59
B150: 2025 | C150: 314537.4 | D150: 286803.71 | E150: 176694.61 | F150: 414105.37 | G150: 339987.51 | H150: 328865.23 | I150: 422541.96 | J150: 347369.04 | K150: 290454.93 | L150: 432276.76 | M150: 213045.35 | N150: 372025.64 | O150: =AVERAGE(C150:N150) -> 328225.63
B151: Total | C151: =SUM(C146:C150) -> 1314834.9 | D151: =SUM(D146:D150) -> 1241125.9 | E151: =SUM(E146:E150) -> 1270346.2 | F151: =SUM(F146:F150) -> 1395708.9 | G151: =SUM(G146:G150) -> 1520170.8 | H151: =SUM(H146:H150) -> 1043387.9 | I151: =SUM(I146:I150) -> 1367577.9 | J151: =SUM(J146:J150) -> 1306129.7 | ... N151: =SUM(N146:N150) -> 1330010.6
B152: Moyenne mensuelle | C152: =C151/5 -> 262966.98 | D152: =D151/5 -> 248225.18 | E152: =E151/5 -> 254069.24 | F152: =F151/5 -> 279141.78 | G152: =G151/5 -> 304034.16 | H152: =H151/5 -> 208677.58 | I152: =I151/5 -> 273515.57 | J152: =J151/5 -> 261225.93 | ... N152: =N151/5 -> 266002.13 | O152: =AVERAGE(C152:N152) -> 262736.77 | P152: Moyenne des moyennes
B153: Coef. | C153: =C152/$O$152 -> 1.0008762 | D153: =D152/$O$152 -> 0.94476758 | E153: =E152/$O$152 -> 0.96701063 | F153: =F152/$O$152 -> 1.062439 | G153: =G152/$O$152 -> 1.1571816 | H153: =H152/$O$152 -> 0.79424582 | I153: =I152/$O$152 -> 1.0410251 | J153: =J152/$O$152 -> 0.99424964 | ... N153: =N152/$O$152 -> 1.0124283 | O153: =AVERAGE(C153:N153) -> 1
B154: Prév. 2024 | C154: =C153*$O$154 -> 333625.4 | D154: =D153*$O$154 -> 314922.53 | E154: =E153*$O$154 -> 322336.88 | F154: =F153*$O$154 -> 354146.32 | G154: =G153*$O$154 -> 385727.21 | H154: =H153*$O$154 -> 264748.61 | I154: =I153*$O$154 -> 347008.37 | J154: =J153*$O$154 -> 331416.55 | ... N154: =N153*$O$154 -> 337476.09 | O154: =J144/12 -> 333333.33
B164: IX-/ Trafic total de conteneurs (en TEU) | F164: Prevision annuelle DEESP_DSPP | J164: 1750000
B165: Années | C165: Janvier | D165: Février | E165: Mars | F165: Avril | G165: Mai | H165: Juin | I165: Juillet | J165: Août | K165: Septembre | L165: Octobre | M165: Novembre | N165: Décembre | O165: Moyenne Annuelle
B166: 2021 | C166: 63695 | D166: 52593 | E166: 72303 | F166: 66714 | G166: 66837 | H166: 72095 | I166: 71934 | J166: 67368 | K166: 64722 | L166: 67332 | M166: 61984 | N166: 59737 | O166: =AVERAGE(C166:N166) -> 65609.5
B167: 2022 | C167: 68901 | D167: 69742 | E167: 69879 | F167: 67365 | G167: 76543 | H167: 73627 | I167: 73568 | J167: 72476 | K167: 66323 | L167: 65912 | M167: 66137 | N167: 69953 | O167: =AVERAGE(C167:N167) -> 70035.5
B168: 2023 | C168: 74406 | D168: 61121 | E168: 79145 | F168: 87759 | G168: 103669 | H168: 102565 | I168: 118577 | J168: 119752 | K168: 116439 | L168: 133227 | M168: 117180 | N168: 124355 | O168: =AVERAGE(C168:N168) -> 103182.92
B169: 2024 | C169: 117366 | D169: 112465 | E169: 122185 | F169: 141176 | G169: 137336 | H169: 127104 | I169: 145446 | J169: 144736 | K169: 128839 | L169: 149129 | M169: 157973 | N169: 162549 | O169: =AVERAGE(C169:N169) -> 137192
B170: 2025 | C170: 158014 | D170: 138758 | E170: 150740 | F170: 141918 | G170: 157734 | H170: 130245 | I170: 134863 | J170: 148944 | K170: 132514 | L170: 139061 | M170: 127986 | N170: 148531 | O170: =AVERAGE(C170:N170) -> 142442.33
B171: Total | C171: =SUM(C166:C170) -> 482382 | D171: =SUM(D166:D170) -> 434679 | E171: =SUM(E166:E170) -> 494252 | F171: =SUM(F166:F170) -> 504932 | G171: =SUM(G166:G170) -> 542119 | H171: =SUM(H166:H170) -> 505636 | I171: =SUM(I166:I170) -> 544388 | J171: =SUM(J166:J170) -> 553276 | ... N171: =SUM(N166:N170) -> 565125
B172: Moyenne mensuelle | C172: =C171/5 -> 96476.4 | D172: =D171/5 -> 86935.8 | E172: =E171/5 -> 98850.4 | F172: =F171/5 -> 100986.4 | G172: =G171/5 -> 108423.8 | H172: =H171/5 -> 101127.2 | I172: =I171/5 -> 108877.6 | J172: =J171/5 -> 110655.2 | ... N172: =N171/5 -> 113025 | O172: =AVERAGE(C172:N172) -> 103692.45 | P172: Moyenne des moyennes
B173: Coef. | C173: =C172/$O$172 -> 0.93040911 | D173: =D172/$O$172 -> 0.83840048 | E173: =E172/$O$172 -> 0.95330374 | F173: =F172/$O$172 -> 0.97390311 | G173: =G172/$O$172 -> 1.0456287 | H173: =H172/$O$172 -> 0.97526098 | I173: =I172/$O$172 -> 1.0500051 | J173: =J172/$O$172 -> 1.0671481 | ... N173: =N172/$O$172 -> 1.0900022 | O173: =AVERAGE(C173:N173) -> 1
B174: Prév. 2024 | C174: =C173*$O$174 -> 135684.66 | D174: =D173*$O$174 -> 122266.74 | E174: =E173*$O$174 -> 139023.46 | F174: =F173*$O$174 -> 142027.54 | G174: =G173*$O$174 -> 152487.52 | H174: =H173*$O$174 -> 142225.56 | I174: =I173*$O$174 -> 153125.74 | J174: =J173*$O$174 -> 155625.76 | ... N174: =N173*$O$174 -> 158958.66 | O174: =J164/12 -> 145833.33
...

Sheet Trafic mens2026
B2: I- TRAFIC DES NAVIRES REALISE AU PORT D'ABIDJAN
B4: TRAFIC TOTAL MENSUEL DES NAVIRES (en nombre) : EXERCICE 2026
B6: RUBRIQUES | C6: Janvier | D6: Février | E6: Mars | F6: Avril | G6: Mai | H6: Juin | I6: Juillet | J6: Août | K6: Septembre | L6: Octobre | M6: Novembre | N6: Décembre | O6: TOTAL
B9: PORT DE COMMERCE | C9: =SUM(C11:C12) -> 437 | D9: =SUM(D11:D12) -> 377 | E9: =SUM(E11:E12) -> 430 | F9: =SUM(F11:F12) -> 417 | G9: =SUM(G11:G12) -> 0 | H9: =SUM(H11:H12) -> 0 | I9: =SUM(I11:I12) -> 0 | J9: =SUM(J11:J12) -> 0 | ... N9: =SUM(N11:N12) -> 0 | O9: =SUM(C9:N9) -> 1661
B11: - Nbre de navires entrés | C11: 221 | D11: 189 | E11: 218 | F11: 209 | O11: =SUM(C11:N11) -> 837 | P11: =O11/$O$21 -> 0.85582822
B12: - Nbre de navires sortis | C12: 216 | D12: 188 | E12: 212 | F12: 208 | O12: =SUM(C12:N12) -> 824
B14: TERMINAL A PECHE | C14: =SUM(C16:C17) -> 76 | D14: =SUM(D16:D17) -> 60 | E14: =SUM(E16:E17) -> 74 | F14: =SUM(F16:F17) -> 69 | G14: =SUM(G16:G17) -> 0 | H14: =SUM(H16:H17) -> 0 | I14: =SUM(I16:I17) -> 0 | J14: =SUM(J16:J17) -> 0 | ... N14: =SUM(N16:N17) -> 0 | O14: =SUM(C14:N14) -> 279
B16: - Nbre de navires entrés | C16: 45 | D16: 24 | E16: 44 | F16: 28 | O16: =SUM(C16:N16) -> 141 | P16: =O16/$O$21 -> 0.14417178
B17: - Nbre de navires sortis | C17: 31 | D17: 36 | E17: 30 | F17: 41 | O17: =SUM(C17:N17) -> 138
B19: TOTAL TRAFIC | C19: =+C9+C14 -> 513 | D19: =+D9+D14 -> 437 | E19: =+E9+E14 -> 504 | F19: =+F9+F14 -> 486 | G19: =+G9+G14 -> 0 | H19: =+H9+H14 -> 0 | I19: =+I9+I14 -> 0 | J19: =+J9+J14 -> 0 | ... N19: =+N9+N14 -> 0 | O19: =SUM(C19:N19) -> 1940
T20: Annoncé DOMSE | U20: jan | V20: feb | W20: mar | X20: apr | Y20: may | Z20: jun | AA20: jul | AB20: aug | AC20: sep | AD20: oct | AE20: nov | AF20: dec
B21: - Nbre de navires entrés | C21: 266 | D21: =+D11+D16 -> 213 | E21: =+E11+E16 -> 262 | F21: =+F11+F16 -> 237 | G21: =+G11+G16 -> 0 | H21: =H16+H11 -> 0 | I21: =I16+I11 -> 0 | J21: =J16+J11 -> 0 | K21: =K16+K11 -> 0 | L21: =L16+L11 -> 0 | M21: =M16+M11 -> 0 | N21: =N16+N11 -> 0 | O21: =SUM(C21:N21) -> 978 | T21: Escale | V21: 211 | W21: 261 | X21: 236 | Y21: 221 | Z21: 224 | AA21: 227
B22: - Nbre de navires sortis | C22: 247 | D22: =D17+D12 -> 224 | E22: =E17+E12 -> 242 | F22: =F17+F12 -> 249 | G22: =G17+G12 -> 0 | H22: =H17+H12 -> 0 | I22: =I17+I12 -> 0 | J22: =J17+J12 -> 0 | K22: =K17+K12 -> 0 | ... N22: =N17+N12 -> 0 | O22: =SUM(C22:N22) -> 962
B24: TRAFIC TOTAL MENSUEL DES ESCALES PAR TYPE DE NAVIRES (en nombre) : EXERCICE 2026
B26: RUBRIQUES | C26: Janvier | D26: Février | E26: Mars | F26: Avril | G26: Mai | H26: Juin | I26: Juillet | J26: Août | K26: Septembre | L26: Octobre | M26: Novembre | N26: Décembre | O26: TOTAL | Z26: =+POWER(AA21/V21,1/6)-1 -> 0.012256483 | AA26: =+V21*(1+(POWER(Z26,5))) -> 211
B29: PORT DE COMMERCE | C29: =SUM(C31:C41) -> 221 | D29: =SUM(D31:D41) -> 189 | E29: =SUM(E31:E41) -> 218 | F29: =SUM(F31:F41) -> 209 | G29: =SUM(G31:G41) -> 0 | H29: =SUM(H31:H41) -> 0 | I29: =SUM(I31:I41) -> 0 | J29: =SUM(J31:J41) -> 0 | ... N29: =SUM(N31:N41) -> 0 | O29: =SUM(C29:N29) -> 837 | P29: =O29/$O$52 -> 0.85582822
B31: CARGO TRADITIONNELS | C31: 14 | D31: 11 | E31: 19 | F31: 12 | O31: =SUM(C31:N31) -> 56
B32: PORTE CONTENEURS | C32: 77 | D32: 72 | E32: 82 | F32: 72 | O32: =SUM(C32:N32) -> 303
B33: NAVIRES ROULIERS | C33: 8 | D33: 8 | E33: 5 | F33: 9 | O33: =SUM(C33:N33) -> 30
B34: MINERALIERS-VRACQUIERS | C34: 45 | D34: 35 | E34: 41 | F34: 35 | O34: =SUM(C34:N34) -> 156
B35: PETROLIERS | C35: 5 | D35: 4 | E35: 4 | F35: 6 | O35: =SUM(C35:N35) -> 19
B36: NAVIRES CITERNES | C36: 27 | D36: 23 | E36: 25 | F36: 21 | O36: =SUM(C36:N36) -> 96
B37: NAVIRES FRIGORIFIQUES | C37: 12 | D37: 13 | E37: 12 | F37: 17 | O37: =SUM(C37:N37) -> 54
B38: NAVIRES DE GUERRE | C38: 0 | D38: 0 | E38: 0 | F38: 2 | O38: =SUM(C38:N38) -> 2
B39: PAQUEBOTS | C39: 1 | D39: 0 | E39: 0 | F39: 3 | O39: =SUM(C39:N39) -> 4
B40: SUPPLY | C40: 10 | D40: 16 | E40: 18 | F40: 10 | O40: =SUM(C40:N40) -> 54
B41: AUTRES NAVIRES | C41: 22 | D41: 7 | E41: 12 | F41: 22 | O41: =SUM(C41:N41) -> 63
B43: TERMINAL A PECHE | C43: =SUM(C45:C50) -> 45 | D43: =SUM(D45:D50) -> 24 | E43: =SUM(E45:E50) -> 44 | F43: =SUM(F45:F50) -> 28 | G43: =SUM(G45:G50) -> 0 | H43: =SUM(H45:H50) -> 0 | I43: =SUM(I45:I50) -> 0 | J43: =SUM(J45:J50) -> 0 | ... N43: =SUM(N45:N50) -> 0 | O43: =SUM(C43:N43) -> 141 | P43: =O43/$O$52 -> 0.14417178
B45: CHALUTIERS | C45: 13 | D45: 1 | E45: 9 | F45: 11 | O45: =SUM(C45:N45) -> 34
B46: FRIGORIFIQUES | C46: 6 | D46: 6 | E46: 6 | F46: 4 | O46: =SUM(C46:N46) -> 22
B47: CREVETTIERS | C47: 0 | D47: 0 | E47: 0 | F47: 0 | O47: =SUM(C47:N47) -> 0
B48: THONIERS | C48: 23 | D48: 16 | E48: 26 | F48: 11 | O48: =SUM(C48:N48) -> 76
B49: SUPPLY | C49: 3 | D49: 1 | E49: 3 | F49: 2 | O49: =SUM(C49:N49) -> 9
B50: AUTRES NAVIRES | C50: 0 | D50: 0 | E50: 0 | F50: 0 | O50: =SUM(C50:N50) -> 0
B52: TOTAL TRAFIC | C52: =+C43+C29 -> 266 | D52: =+D43+D29 -> 213 | E52: =+E43+E29 -> 262 | F52: =+F43+F29 -> 237 | G52: =+G43+G29 -> 0 | H52: =+H43+H29 -> 0 | I52: =+I43+I29 -> 0 | J52: =+J43+J29 -> 0 | ... N52: =+N43+N29 -> 0 | O52: =SUM(C52:N52) -> 978
B54: II- TRAFIC GLOBAL REALISE AU PORT D'ABIDJAN
B56: TRAFIC GLOBAL MENSUEL (en tonne) : EXERCICE 2026
B58: RUBRIQUES | C58: Janvier | D58: Février | E58: Mars | F58: Avril | G58: Mai | H58: Juin | I58: Juillet | J58: Août | K58: Septembre | L58: Octobre | M58: Novembre | N58: Décembre | O58: TOTAL
B61: PORT DE COMMERCE | C61: =C63+C64 -> 4096983 | D61: =D63+D64 -> 3844806.4 | E61: =E63+E64 -> 4230849.5 | F61: =F63+F64 -> 4250440.9 | G61: =G63+G64 -> 0 | H61: =H63+H64 -> 0 | I61: =I63+I64 -> 0 | J61: =J63+J64 -> 0 | ... N61: =N63+N64 -> 0 | O61: =SUM(C61:N61) -> 16423080
B63: - Importation | C63: 2766425.8 | D63: 2658295.9 | E63: 3131972.9 | F63: 3029178.9 | O63: =SUM(C63:N63) -> 11585874
B64: - Exportation | C64: 1330557.2 | D64: 1186510.5 | E64: 1098876.6 | F64: 1221261.9 | O64: =SUM(C64:N64) -> 4837206.3
B66: Pétrole off shore | C66: =C606 -> 312902.18 | D66: =D606 -> 190256.22 | E66: =E606 -> 191309.79 | F66: =F606 -> 190929.01 | G66: =G606 -> 0 | H66: =H606 -> 0 | I66: =I606 -> 0 | J66: =J606 -> 0 | ... N66: =N606 -> 0 | O66: =SUM(C66:N66) -> 885397.19
O67: =SUM(C67:N67) -> 0
B68: TERMINAL A PECHE | C68: =C70+C71 -> 33745.876 | D68: =D70+D71 -> 33533.196 | E68: =E70+E71 -> 31922.995 | F68: =F70+F71 -> 9384.02 | G68: =G70+G71 -> 0 | H68: =H70+H71 -> 0 | I68: =I70+I71 -> 0 | J68: =J70+J71 -> 0 | ... N68: =N70+N71 -> 0 | O68: =SUM(C68:N68) -> 108586.09 | P68: =O68/O73 -> 0.0065683694
B70: - Importation | C70: =C118 -> 29273.192 | D70: =+D118 -> 29393.57 | E70: =+E118 -> 31922.995 | F70: =+F118 -> 9384.02 | G70: =+G118 -> 0 | H70: =+H118 -> 0 | I70: =+I118 -> 0 | J70: =+J118 -> 0 | K70: =+K118 -> 0 | ... N70: =+N118 -> 0 | O70: =SUM(C70:N70) -> 99973.777
B71: - Exportation | C71: =C130 -> 4472.685 | D71: =+D130 -> 4139.626 | E71: =+E130 -> 0 | F71: =+F130 -> 0 | G71: =+G130 -> 0 | H71: =+H130 -> 0 | I71: =+I130 -> 0 | J71: =+J130 -> 0 | K71: =+K130 -> 0 | ... N71: =+N130 -> 0 | O71: =SUM(C71:N71) -> 8612.311
B73: TOTAL TRAFIC | C73: =+C61+C68 -> 4130728.9 | D73: =+D61+D68 -> 3878339.6 | E73: =+E61+E68 -> 4262772.5 | F73: =+F61+F68 -> 4259824.9 | G73: =+G61+G68 -> 0 | H73: =+H61+H68 -> 0 | I73: =+I61+I68 -> 0 | J73: =+J61+J68 -> 0 | ... N73: =+N61+N68 -> 0 | O73: =SUM(C73:N73) -> 16531666 | T73: Annoncé DOMSE | U73: jan | V73: feb | W73: mar | X73: apr | Y73: may | Z73: jun | AA73: jul | AB73: aug | AC73: sep | AD73: oct | AE73: nov | AF73: dec
T74: TG | V74: 3575415.2 | W74: 4262773 | X74: 3983658 | Y74: 3832711.4 | Z74: 3542274 | AA74: 4113691
B75: - Importation | C75: =+C63+C70 -> 2795699 | D75: =+D63+D70 -> 2687689.5 | E75: =+E63+E70 -> 3163895.9 | F75: =+F63+F70 -> 3038563 | G75: =+G63+G70 -> 0 | H75: =+H63+H70 -> 0 | I75: =+I63+I70 -> 0 | J75: =+J63+J70 -> 0 | ... N75: =+N63+N70 -> 0 | O75: =SUM(C75:N75) -> 11685847
B76: - Exportation | C76: =+C64+C71 -> 1335029.9 | D76: =+D64+D71 -> 1190650.1 | E76: =+E64+E71 -> 1098876.6 | F76: =+F64+F71 -> 1221261.9 | G76: =+G64+G71 -> 0 | H76: =+H64+H71 -> 0 | I76: =+I64+I71 -> 0 | J76: =+J64+J71 -> 0 | ... N76: =+N64+N71 -> 0 | O76: =SUM(C76:N76) -> 4845818.6
B79: A.TRAFIC NATIONAL ET TRANSIT MENSUEL REALISE AU PORT D'ABIDJAN
B81: TRAFIC NATIONAL ET TRANSIT MENSUEL PAR CATEGORIE DE PRODUITS (en tonne) : EXERCICE 2026
B83: RUBRIQUES | C83: Janvier | D83: Février | E83: Mars | F83: Avril | G83: Mai | H83: Juin | I83: Juillet | J83: Août | K83: Septembre | L83: Octobre | M83: Novembre | N83: Décembre | O83: TOTAL
B86: IMPORTATIONS | C86: =SUM(C88:C90) -> 2381653.7 | D86: =SUM(D88:D90) -> 2284838.2 | E86: =SUM(E88:E90) -> 2684700.1 | F86: =SUM(F88:F90) -> 2554331.2 | G86: =SUM(G88:G90) -> 0 | H86: =SUM(H88:H90) -> 0 | I86: =SUM(I88:I90) -> 0 | J86: =SUM(J88:J90) -> 0 | ... N86: =SUM(N88:N90) -> 0 | O86: =SUM(C86:N86) -> 9905523.2
B88: - Produits Pétroliers | C88: 620359.69 | D88: 538237.63 | E88: 565661.03 | F88: 690930.24 | O88: =SUM(C88:N88) -> 2415188.6
B89: - Marchandises Générales | C89: 1669490.1 | D89: 1655437.4 | E89: 2010238.8 | F89: 1794693.6 | O89: =SUM(C89:N89) -> 7129859.9
B90: - Produits de Pêche | C90: =+C91+C92 -> 91803.925 | D90: =+D91+D92 -> 91163.195 | E90: =+E91+E92 -> 108800.21 | F90: =+F91+F92 -> 68707.355 | G90: =+G91+G92 -> 0 | H90: =+H91+H92 -> 0 | I90: =+I91+I92 -> 0 | J90: =+J91+J92 -> 0 | ... N90: =+N91+N92 -> 0 | O90: =SUM(C90:N90) -> 360474.69
B91: - Produits de Pêche PC | C91: =+C206 -> 67862.804 | D91: =+D206 -> 67054.395 | E91: =+E206 -> 81130.664 | F91: =+F206 -> 60149.295 | G91: =+G206 -> 0 | H91: =+H206 -> 0 | I91: =+I206 -> 0 | J91: =+J206 -> 0 | ... N91: =+N206 -> 0 | O91: =SUM(C91:N91) -> 276197.16
B92: - Produits de Pêche TP | C92: =+C196 -> 23941.122 | D92: =+D196 -> 24108.799 | E92: =+E196 -> 27669.55 | F92: =+F196 -> 8558.06 | G92: =+G196 -> 0 | H92: =+H196 -> 0 | I92: =+I196 -> 0 | J92: =+J196 -> 0 | ... N92: =+N196 -> 0 | O92: =SUM(C92:N92) -> 84277.531
B94: EXPORTATIONS | C94: =SUM(C96:C98) -> 957631.16 | D94: =SUM(D96:D98) -> 797382.62 | E94: =SUM(E96:E98) -> 698947.94 | F94: =SUM(F96:F98) -> 793715.35 | G94: =SUM(G96:G98) -> 0 | H94: =SUM(H96:H98) -> 0 | I94: =SUM(I96:I98) -> 0 | J94: =SUM(J96:J98) -> 0 | ... N94: =SUM(N96:N98) -> 0 | O94: =SUM(C94:N94) -> 3247677.1
B96: - Produits Pétroliers | C96: 448697.96 | D96: 284029.36 | E96: 232469.66 | F96: 290201.36 | O96: =SUM(C96:N96) -> 1255398.3
B97: - Marchandises Générales | C97: 508649.78 | D97: 512747.41 | E97: 463939.12 | F97: 502392.01 | O97: =SUM(C97:N97) -> 1987728.3
B98: - Produits de Pêche | C98: =+C99+C100 -> 283.416 | D98: =+D99+D100 -> 605.84 | E98: =+E99+E100 -> 2539.163 | F98: =+F99+F100 -> 1121.976 | G98: =+G99+G100 -> 0 | H98: =+H99+H100 -> 0 | I98: =+I99+I100 -> 0 | J98: =+J99+J100 -> 0 | ... N98: =+N99+N100 -> 0 | O98: =SUM(C98:N98) -> 4550.395
B99: - Produits de Pêche PC | C99: =+C228 -> 283.416 | D99: =+D228 -> 605.84 | E99: =+E228 -> 2539.163 | F99: =+F228 -> 1121.976 | G99: =+G228 -> 0 | H99: =+H228 -> 0 | I99: =+I228 -> 0 | J99: =+J228 -> 0 | ... N99: =+N228 -> 0 | O99: =SUM(C99:N99) -> 4550.395
B100: - Produits de Pêche TP | C100: =+C218 -> 0 | D100: =+D218 -> 0 | E100: =+E218 -> 0 | F100: =+F218 -> 0 | G100: =+G218 -> 0 | H100: =+H218 -> 0 | I100: =+I218 -> 0 | J100: =+J218 -> 0 | ... N100: =+N218 -> 0 | O100: =SUM(C100:N100) -> 0
B102: TOTAL TRAFIC | C102: =+C86+C94 -> 3339284.9 | D102: =+D86+D94 -> 3082220.9 | E102: =+E86+E94 -> 3383648 | F102: =+F86+F94 -> 3348046.6 | G102: =+G86+G94 -> 0 | H102: =+H86+H94 -> 0 | I102: =+I86+I94 -> 0 | J102: =+J86+J94 -> 0 | ... N102: =+N86+N94 -> 0 | O102: =SUM(C102:N102) -> 13153200
R103: DCAQ
B104: - Produits Pétroliers | C104: =+C88+C96 -> 1069057.7 | D104: =+D88+D96 -> 822267 | E104: =+E88+E96 -> 798130.69 | F104: =+F88+F96 -> 981131.6 | G104: =+G88+G96 -> 0 | H104: =+H88+H96 -> 0 | I104: =+I88+I96 -> 0 | J104: =+J88+J96 -> 0 | ... N104: =+N88+N96 -> 0 | O104: =SUM(C104:N104) -> 3670586.9 | P104: =O104/$O$102 -> 0.27906417 | Q104: =+O104/O$73 -> 0.2220337 | R104: =O104/O102 -> 0.27906417
B105: - Marchandises Générales | C105: =+C89+C97 -> 2178139.9 | D105: =+D89+D97 -> 2168184.8 | E105: =+E89+E97 -> 2474177.9 | F105: =+F89+F97 -> 2297085.6 | G105: =+G89+G97 -> 0 | H105: =+H89+H97 -> 0 | I105: =+I89+I97 -> 0 | J105: =+J89+J97 -> 0 | ... N105: =+N89+N97 -> 0 | O105: =SUM(C105:N105) -> 9117588.2 | P105: =O105/$O$102 -> 0.69318402 | Q105: =+O105/O$73 -> 0.55152265 | R105: =O105/O102 -> 0.69318402
B106: - Produits de Pêche | C106: =+C90+C98 -> 92087.341 | D106: =+D90+D98 -> 91769.035 | E106: =+E90+E98 -> 111339.38 | F106: =+F90+F98 -> 69829.331 | G106: =+G90+G98 -> 0 | H106: =+H90+H98 -> 0 | I106: =+I90+I98 -> 0 | J106: =+J90+J98 -> 0 | ... N106: =+N90+N98 -> 0 | O106: =SUM(C106:N106) -> 365025.08 | P106: =O106/$O$102 -> 0.027751808 | Q106: =+S106/O$73 -> 0.023550781 | R106: =S106/O73 -> 0.023550781 | S106: =O106+O144 -> 389333.64
B107: - Produits de Pêche PC | C107: =+C91+C99 -> 68146.22 | D107: =+D91+D99 -> 67660.235 | E107: =+E91+E99 -> 83669.827 | F107: =+F91+F99 -> 61271.271 | G107: =+G91+G99 -> 0 | H107: =+H91+H99 -> 0 | I107: =+I91+I99 -> 0 | J107: =+J91+J99 -> 0 | ... N107: =+N91+N99 -> 0 | O107: =SUM(C107:N107) -> 280747.55
B108: - Produits de Pêche TP | C108: =+C92+C100 -> 23941.122 | D108: =+D92+D100 -> 24108.799 | E108: =+E92+E100 -> 27669.55 | F108: =+F92+F100 -> 8558.06 | G108: =+G92+G100 -> 0 | H108: =+H92+H100 -> 0 | I108: =+I92+I100 -> 0 | J108: =+J92+J100 -> 0 | ... N108: =+N92+N100 -> 0 | O108: =SUM(C108:N108) -> 84277.531
B111: A. 1- TRAFIC MENSUEL DES PRODUITS DE PECHE REALISE AU PORT D'ABIDJAN
B113: TRAFIC TOTAL MENSUEL DES PRODUITS DE PECHE DU TERMINAL A PECHE (en tonne) : EXERCICE 2026
B115: RUBRIQUES | C115: Janvier | D115: Février | E115: Mars | F115: Avril | G115: Mai | H115: Juin | I115: Juillet | J115: Août | K115: Septembre | L115: Octobre | M115: Novembre | N115: Décembre | O115: TOTAL
B118: IMPORTATIONS | C118: =SUM(C122:C128) -> 29273.192 | D118: =SUM(D122:D128) -> 29393.57 | E118: =SUM(E122:E128) -> 31922.995 | F118: =SUM(F122:F128) -> 9384.02 | G118: =SUM(G122:G128) -> 0 | H118: =SUM(H122:H128) -> 0 | I118: =SUM(I122:I128) -> 0 | J118: =SUM(J122:J128) -> 0 | ... N118: =SUM(N122:N128) -> 0 | O118: =SUM(C118:N118) -> 99973.777
B120: (Transbordement) | C120: 5332.07 | D120: 5284.771 | E120: 4253.445 | F120: 825.96 | O120: =SUM(C120:N120) -> 15696.246
B122: Thons congelés | C122: 6091.407 | D122: 5773.043 | E122: 5925.105 | F122: 825.96 | O122: =SUM(C122:N122) -> 18615.515
B123: Poissons congelés | C123: 14774.042 | D123: 16318.441 | E123: 18134.719 | F123: 7054.051 | O123: =SUM(C123:N123) -> 56281.253
B124: Poissons frais | C124: 1484.587 | D124: 1416.71 | E124: 2164.116 | F124: 1397.067 | O124: =SUM(C124:N124) -> 6462.48
B125: Faux thons | C125: 6883.15 | D125: 5821.32 | E125: 5655.04 | F125: 64.9 | O125: =SUM(C125:N125) -> 18424.41
B126: Crustacés | C126: 40.0055 | D126: 64.0565 | E126: 44.015 | F126: 42.042 | O126: =SUM(C126:N126) -> 190.119
B127: Autres produits de pêche | C127: 0 | D127: 0 | E127: 0 | F127: 0 | O127: =SUM(C127:N127) -> 0
B128: Marchandises diverses | C128: 0 | D128: 0 | E128: 0 | F128: 0 | O128: =SUM(C128:N128) -> 0
B130: EXPORTATIONS | C130: =SUM(C134:C140) -> 4472.685 | D130: =SUM(D134:D140) -> 4139.626 | E130: =SUM(E134:E140) -> 0 | F130: =SUM(F134:F140) -> 0 | G130: =SUM(G134:G140) -> 0 | H130: =SUM(H134:H140) -> 0 | I130: =SUM(I134:I140) -> 0 | J130: =SUM(J134:J140) -> 0 | ... N130: =SUM(N134:N140) -> 0 | O130: =SUM(C130:N130) -> 8612.311
B132: (Transbordement) | C132: 4472.685 | D132: 4139.626 | E132: 0 | F132: 0 | O132: =SUM(C132:N132) -> 8612.311
B134: Thons congelés | C134: 4472.685 | D134: 4139.626 | E134: 0 | F134: 0 | O134: =SUM(C134:N134) -> 8612.311
B135: Poissons congelés | C135: 0 | D135: 0 | E135: 0 | F135: 0 | O135: =SUM(C135:N135) -> 0
B136: Poissons frais | C136: 0 | D136: 0 | E136: 0 | F136: 0 | O136: =SUM(C136:N136) -> 0
B137: Faux thons | C137: 0 | D137: 0 | E137: 0 | F137: 0 | O137: =SUM(C137:N137) -> 0
B138: Crustacés | C138: 0 | D138: 0 | E138: 0 | F138: 0 | O138: =SUM(C138:N138) -> 0
B139: Autres produits de pêche | C139: 0 | D139: 0 | E139: 0 | F139: 0 | O139: =SUM(C139:N139) -> 0
B140: Marchandises diverses | C140: 0 | D140: 0 | E140: 0 | F140: 0 | O140: =SUM(C140:N140) -> 0
B142: TOTAL TRAFIC | C142: =+C130+C118 -> 33745.876 | D142: =+D130+D118 -> 33533.196 | E142: =+E130+E118 -> 31922.995 | F142: =+F130+F118 -> 9384.02 | G142: =+G130+G118 -> 0 | H142: =+H130+H118 -> 0 | I142: =+I130+I118 -> 0 | J142: =+J130+J118 -> 0 | ... N142: =+N130+N118 -> 0 | O142: =SUM(C142:N142) -> 108586.09
B144: (Transbordement) | C144: =C120+C132 -> 9804.755 | D144: =D120+D132 -> 9424.397 | E144: =E120+E132 -> 4253.445 | F144: =F120+F132 -> 825.96 | G144: =G120+G132 -> 0 | H144: =H120+H132 -> 0 | I144: =I120+I132 -> 0 | J144: =J120+J132 -> 0 | ... N144: =N120+N132 -> 0 | O144: =SUM(C144:N144) -> 24308.557
B146: Thons congelés | C146: =C122+C134 -> 10564.092 | D146: =D122+D134 -> 9912.669 | E146: =E122+E134 -> 5925.105 | F146: =F122+F134 -> 825.96 | G146: =G122+G134 -> 0 | H146: =H122+H134 -> 0 | I146: =I122+I134 -> 0 | J146: =J122+J134 -> 0 | ... N146: =N122+N134 -> 0 | O146: =SUM(C146:N146) -> 27227.826
B147: Poissons congelés | C147: =C123+C135 -> 14774.042 | D147: =D123+D135 -> 16318.441 | E147: =E123+E135 -> 18134.719 | F147: =F123+F135 -> 7054.051 | G147: =G123+G135 -> 0 | H147: =H123+H135 -> 0 | I147: =I123+I135 -> 0 | J147: =J123+J135 -> 0 | ... N147: =N123+N135 -> 0 | O147: =SUM(C147:N147) -> 56281.253
B148: Poissons frais | C148: =C124+C136 -> 1484.587 | D148: =D124+D136 -> 1416.71 | E148: =E124+E136 -> 2164.116 | F148: =F124+F136 -> 1397.067 | G148: =G124+G136 -> 0 | H148: =H124+H136 -> 0 | I148: =I124+I136 -> 0 | J148: =J124+J136 -> 0 | ... N148: =N124+N136 -> 0 | O148: =SUM(C148:N148) -> 6462.48
B149: Faux thons | C149: =C125+C137 -> 6883.15 | D149: =D125+D137 -> 5821.32 | E149: =E125+E137 -> 5655.04 | F149: =F125+F137 -> 64.9 | G149: =G125+G137 -> 0 | H149: =H125+H137 -> 0 | I149: =I125+I137 -> 0 | J149: =J125+J137 -> 0 | ... N149: =N125+N137 -> 0 | O149: =SUM(C149:N149) -> 18424.41
B150: Crustacés | C150: =C126+C138 -> 40.0055 | D150: =D126+D138 -> 64.0565 | E150: =E126+E138 -> 44.015 | F150: =F126+F138 -> 42.042 | G150: =G126+G138 -> 0 | H150: =H126+H138 -> 0 | I150: =I126+I138 -> 0 | J150: =J126+J138 -> 0 | ... N150: =N126+N138 -> 0 | O150: =SUM(C150:N150) -> 190.119
...

Sheet Trafic mens2025
B2: I- TRAFIC DES NAVIRES REALISE AU PORT D'ABIDJAN
B4: TRAFIC TOTAL MENSUEL DES NAVIRES (en nombre) : EXERCICE | J4: 2025
B6: RUBRIQUES | C6: Janvier | D6: Février | E6: Mars | F6: Avril | G6: Mai | H6: Juin | I6: Juillet | J6: Août | K6: Septembre | L6: Octobre | M6: Novembre | N6: Décembre | O6: TOTAL
C8: 0 | D8: 0 | E8: 0 | F8: 0 | G8: 0 | H8: 0 | I8: 0 | J8: 0 | K8: 0 | L8: 0 | M8: 0 | N8: 0
B9: PORT DE COMMERCE | C9: 399 | D9: 391 | E9: 431 | F9: 388 | G9: 426 | H9: 361 | I9: 378 | J9: 395 | K9: 342 | L9: 364 | M9: 377 | N9: 416 | O9: 4668
B11: - Nbre de navires entrés | C11: 201 | D11: 197 | E11: 213 | F11: 195 | G11: 217 | H11: 181 | I11: 187 | J11: 193 | K11: 170 | L11: 185 | M11: 192 | N11: 209 | O11: 2340 | P11: =O11/$O$21 -> 0.85152838
B12: - Nbre de navires sortis | C12: 198 | D12: 194 | E12: 218 | F12: 193 | G12: 209 | H12: 180 | I12: 191 | J12: 202 | K12: 172 | L12: 179 | M12: 185 | N12: 207 | O12: 2328
C13: 0 | D13: 0 | E13: 0 | F13: 0 | G13: 0 | H13: 0 | I13: 0 | J13: 0 | K13: 0 | L13: 0 | M13: 0 | N13: 0
B14: TERMINAL A PECHE | C14: 87 | D14: 77 | E14: 65 | F14: 55 | G14: 59 | H14: 65 | I14: 52 | J14: 72 | K14: 75 | L14: 74 | M14: 72 | N14: 71 | O14: 824
B16: - Nbre de navires entrés | C16: 45 | D16: 40 | E16: 31 | F16: 25 | G16: 30 | H16: 33 | I16: 25 | J16: 34 | K16: 39 | L16: 36 | M16: 36 | N16: 34 | O16: 408 | P16: =O16/$O$21 -> 0.14847162
B17: - Nbre de navires sortis | C17: 42 | D17: 37 | E17: 34 | F17: 30 | G17: 29 | H17: 32 | I17: 27 | J17: 38 | K17: 36 | L17: 38 | M17: 36 | N17: 37 | O17: 416
B19: TOTAL TRAFIC | C19: 486 | D19: 468 | E19: 496 | F19: 443 | G19: 485 | H19: 426 | I19: 430 | J19: 467 | K19: 417 | L19: 438 | M19: 449 | N19: 487 | O19: 5492
B21: - Nbre de navires entrés | C21: 246 | D21: 237 | E21: 244 | F21: 220 | G21: 247 | H21: 214 | I21: 212 | J21: 227 | K21: 209 | L21: 221 | M21: 228 | N21: 243 | O21: 2748
B22: - Nbre de navires sortis | C22: 240 | D22: 231 | E22: 252 | F22: 223 | G22: 238 | H22: 212 | I22: 218 | J22: 240 | K22: 208 | L22: 217 | M22: 221 | N22: 244 | O22: 2744
B24: TRAFIC TOTAL MENSUEL DES ESCALES PAR TYPE DE NAVIRES (en nombre) : EXERCICE | K24: 2025
B26: RUBRIQUES | C26: Janvier | D26: Février | E26: Mars | F26: Avril | G26: Mai | H26: Juin | I26: Juillet | J26: Août | K26: Septembre | L26: Octobre | M26: Novembre | N26: Décembre | O26: TOTAL
C28: 0 | D28: 0 | E28: 0 | F28: 0 | G28: 0 | H28: 0 | I28: 0 | J28: 0 | K28: 0 | L28: 0 | M28: 0 | N28: 0
B29: PORT DE COMMERCE | C29: 201 | D29: 197 | E29: 213 | F29: 195 | G29: 217 | H29: 181 | I29: 187 | J29: 193 | K29: 170 | L29: 185 | M29: 192 | N29: 209 | O29: 2340 | P29: =O29/$O$52 -> 0.85152838
B31: CARGO TRADITIONNELS | C31: 15 | D31: 10 | E31: 11 | F31: 12 | G31: 13 | H31: 9 | I31: 12 | J31: 15 | K31: 16 | L31: 14 | M31: 13 | N31: 12 | O31: 152
B32: PORTE CONTENEURS | C32: 79 | D32: 73 | E32: 81 | F32: 74 | G32: 85 | H32: 74 | I32: 68 | J32: 75 | K32: 64 | L32: 75 | M32: 66 | N32: 76 | O32: 890
B33: NAVIRES ROULIERS | C33: 10 | D33: 9 | E33: 8 | F33: 9 | G33: 8 | H33: 6 | I33: 7 | J33: 10 | K33: 7 | L33: 7 | M33: 9 | N33: 7 | O33: 97
B34: MINERALIERS-VRACQUIERS | C34: 33 | D34: 41 | E34: 33 | F34: 35 | G34: 40 | H34: 32 | I34: 38 | J34: 39 | K34: 33 | L34: 35 | M34: 33 | N34: 35 | O34: 427
B35: PETROLIERS | C35: 6 | D35: 5 | E35: 6 | F35: 4 | G35: 4 | H35: 4 | I35: 4 | J35: 5 | K35: 6 | L35: 6 | M35: 5 | N35: 9 | O35: 64
B36: NAVIRES CITERNES | C36: 23 | D36: 21 | E36: 32 | F36: 28 | G36: 29 | H36: 25 | I36: 25 | J36: 24 | K36: 19 | L36: 24 | M36: 29 | N36: 30 | O36: 309
B37: NAVIRES FRIGORIFIQUES | C37: 16 | D37: 12 | E37: 13 | F37: 13 | G37: 14 | H37: 13 | I37: 13 | J37: 17 | K37: 13 | L37: 14 | M37: 15 | N37: 15 | O37: 168
B38: NAVIRES DE GUERRE | C38: 0 | D38: 0 | E38: 3 | F38: 1 | G38: 1 | H38: 2 | I38: 2 | J38: 1 | K38: 0 | L38: 0 | M38: 0 | N38: 0 | O38: 10
B39: PAQUEBOTS | C39: 0 | D39: 0 | E39: 3 | F39: 5 | G39: 3 | H39: 2 | I39: 0 | J39: 0 | K39: 0 | L39: 1 | M39: 2 | N39: 0 | O39: 16
B40: SUPPLY | C40: 3 | D40: 12 | E40: 11 | F40: 6 | G40: 1 | H40: 9 | I40: 12 | J40: 3 | K40: 6 | L40: 4 | M40: 9 | N40: 12 | O40: 88
B41: AUTRES NAVIRES | C41: 16 | D41: 14 | E41: 12 | F41: 8 | G41: 19 | H41: 5 | I41: 6 | J41: 4 | K41: 6 | L41: 5 | M41: 11 | N41: 13 | O41: 119
C42: 0 | D42: 0 | E42: 0 | F42: 0 | G42: 0 | H42: 0 | I42: 0 | J42: 0 | K42: 0 | L42: 0 | M42: 0 | N42: 0
B43: TERMINAL A PECHE | C43: 45 | D43: 40 | E43: 31 | F43: 25 | G43: 30 | H43: 33 | I43: 25 | J43: 34 | K43: 39 | L43: 36 | M43: 36 | N43: 34 | O43: 408 | P43: =O43/$O$52 -> 0.14847162
B45: CHALUTIERS | C45: 8 | D45: 5 | E45: 3 | F45: 8 | G45: 8 | H45: 10 | I45: 4 | J45: 3 | K45: 14 | L45: 13 | M45: 11 | N45: 11 | O45: 98
B46: FRIGORIFIQUES | C46: 6 | D46: 8 | E46: 4 | F46: 4 | G46: 4 | H46: 3 | I46: 2 | J46: 4 | K46: 4 | L46: 5 | M46: 2 | N46: 8 | O46: 54
B47: CREVETTIERS | C47: - | D47: - | E47: - | F47: - | G47: - | H47: - | I47: - | J47: - | K47: - | L47: - | M47: - | N47: - | O47: 0
B48: THONIERS | C48: 31 | D48: 25 | E48: 23 | F48: 12 | G48: 17 | H48: 20 | I48: 18 | J48: 26 | K48: 20 | L48: 17 | M48: 22 | N48: 15 | O48: 246
B49: SUPPLY | C49: - | D49: 2 | E49: 1 | F49: 1 | G49: 1 | H49: - | I49: 1 | J49: 1 | K49: 1 | L49: 1 | M49: 1 | N49: - | O49: 10
B50: AUTRES NAVIRES | C50: - | D50: - | E50: - | F50: - | G50: - | H50: - | I50: - | J50: - | K50: - | L50: - | M50: - | N50: - | O50: 0
B52: TOTAL TRAFIC | C52: 246 | D52: 237 | E52: 244 | F52: 220 | G52: 247 | H52: 214 | I52: 212 | J52: 227 | K52: 209 | L52: 221 | M52: 228 | N52: 243 | O52: 2748
B54: II- TRAFIC GLOBAL REALISE AU PORT D'ABIDJAN
B56: TRAFIC GLOBAL MENSUEL (en tonne) : EXERCICE | J56: 2025
B58: RUBRIQUES | C58: Janvier | D58: Février | E58: Mars | F58: Avril | G58: Mai | H58: Juin | I58: Juillet | J58: Août | K58: Septembre | L58: Octobre | M58: Novembre | N58: Décembre | O58: TOTAL
C60: 2.3166649e-08 | D60: -1.3620593e-08 | E60: 1.2805685e-09 | F60: 2.4447218e-08 | G60: 7.3341653e-09 | H60: 1.8044375e-08 | I60: 1.1874363e-08 | J60: -3.5623088e-08 | K60: -1.6822014e-08 | L60: 7.7998266e-08 | M60: -1.2805685e-09 | N60: -4.6566129e-08
B61: PORT DE COMMERCE | C61: 3583228.8 | D61: 3763011.1 | E61: 3780796.7 | F61: 3831982.6 | G61: 4142321.3 | H61: 3609202.1 | I61: 4124527.4 | J61: 4256661.7 | K61: 3818211.1 | L61: 3764648 | M61: 3672871.1 | N61: 4352005 | O61: 46699467
B63: - Importation | C63: 2513167.3 | D63: 2627477.2 | E63: 2551090.5 | F63: 2626551.7 | G63: 2856811.9 | H63: 2317972.6 | I63: 3012364.9 | J63: 2957750.2 | K63: 2584662.2 | L63: 2598798.6 | M63: 2594277.7 | N63: 2869677.3 | O63: 32110602
B64: - Exportation | C64: 1070061.5 | D64: 1135533.9 | E64: 1229706.2 | F64: 1205430.9 | G64: 1285509.4 | H64: 1291229.5 | I64: 1112162.5 | J64: 1298911.5 | K64: 1233548.8 | L64: 1165849.5 | M64: 1078593.4 | N64: 1482327.7 | O64: 14588865
B66: Pétrole off shore | C66: 184731.47 | D66: 246716.37 | E66: 249692.03 | F66: 267252.1 | G66: 192027.79 | H66: 313144.24 | I66: 187753.13 | J66: 305317.39 | K66: 306662.96 | L66: 192004.32 | M66: 189175.41 | N66: 335404.64 | O66: 2969881.8
C67: 0 | D67: 0 | E67: 0 | F67: 0 | G67: 0 | H67: 0 | I67: 0 | J67: 0 | K67: 0 | L67: 0 | M67: 0 | N67: 0 | O67: 0
B68: TERMINAL A PECHE | C68: 31916.71 | D68: 20732.005 | E68: 22437.226 | F68: 11736.394 | G68: 19917.464 | H68: 16371.709 | I68: 10768.761 | J68: 16672.058 | K68: 27950.929 | L68: 21842.829 | M68: 17462.303 | N68: 18325.766 | O68: 236134.15 | P68: =O68/O73 -> 0.0050310244
B70: - Importation | C70: 23650.303 | D70: 20732.005 | E70: 20450.186 | F70: 9525.744 | G70: 19917.464 | H70: 14171.588 | I70: 8916.6765 | J70: 16672.058 | K70: 26661.081 | L70: 19925.169 | M70: 17462.303 | N70: 18325.766 | O70: 216410.35
B71: - Exportation | C71: 8266.407 | D71: 0 | E71: 1987.04 | F71: 2210.65 | G71: 0 | H71: 2200.12 | I71: 1852.084 | J71: 0 | K71: 1289.848 | L71: 1917.66 | M71: 0 | N71: 0 | O71: 19723.809
B73: TOTAL TRAFIC | C73: 3615145.5 | D73: 3783743.2 | E73: 3803233.9 | F73: 3843719 | G73: 4162238.8 | H73: 3625573.8 | I73: 4135296.2 | J73: 4273333.7 | K73: 3846162 | L73: 3786490.8 | M73: 3690333.4 | N73: 4370330.8 | O73: 46935601
B75: - Importation | C75: 2536817.6 | D75: 2648209.2 | E75: 2571540.7 | F75: 2636077.5 | G75: 2876729.4 | H75: 2332144.2 | I75: 3021281.5 | J75: 2974422.2 | K75: 2611323.3 | L75: 2618723.7 | M75: 2611740 | N75: 2888003.1 | O75: 32327012
B76: - Exportation | C76: 1078327.9 | D76: 1135533.9 | E76: 1231693.3 | F76: 1207641.5 | G76: 1285509.4 | H76: 1293429.7 | I76: 1114014.6 | J76: 1298911.5 | K76: 1234838.7 | L76: 1167767.1 | M76: 1078593.4 | N76: 1482327.7 | O76: 14608589
B79: A.TRAFIC NATIONAL ET TRANSIT MENSUEL REALISE AU PORT D'ABIDJAN
B81: TRAFIC NATIONAL ET TRANSIT MENSUEL PAR CATEGORIE DE PRODUITS (en tonne) : EXERCICE | K81: 2025
B83: RUBRIQUES | C83: Janvier | D83: Février | E83: Mars | F83: Avril | G83: Mai | H83: Juin | I83: Juillet | J83: Août | K83: Septembre | L83: Octobre | M83: Novembre | N83: Décembre | O83: TOTAL
C85: 2.5902409e-08 | D85: -7.6252036e-09 | E85: -2.3865141e-09 | F85: 3.0093361e-08 | G85: 1.9499566e-08 | H85: 2.5203917e-08 | I85: 1.6298145e-08 | J85: -5.1979441e-08 | K85: -9.3132257e-09 | L85: 8.0181053e-08 | M85: 1.6996637e-08 | N85: -2.0430889e-08
B86: IMPORTATIONS | C86: 2111932.7 | D86: 2170938.4 | E86: 2180818.4 | F86: 2304219.8 | G86: 2402234.1 | H86: 2018330.6 | I86: 2659056.7 | J86: 2612846.6 | K86: 2348131.1 | L86: 2378820.3 | M86: 2300856.1 | N86: 2478167.8 | O86: 27966353
B88: - Produits Pétroliers | C88: 726979.54 | D88: 460858.84 | E88: 604442.46 | F88: 545101.22 | G88: 630395.44 | H88: 510354.56 | I88: 740243.26 | J88: 641586.68 | K88: 674802.95 | L88: 500354.44 | M88: 610991.16 | N88: 761180.86 | O88: 7407291.4
B89: - Marchandises Générales | C89: 1308302 | D89: 1639267.6 | E89: 1502083.8 | F89: 1678855 | G89: 1678106.7 | H89: 1428314.8 | I89: 1855291.9 | J89: 1893069.1 | K89: 1599791.2 | L89: 1794311.9 | M89: 1612146.1 | N89: 1638228.8 | O89: 19627769
B90: - Produits de Pêche | C90: 76651.129 | D90: 70811.967 | E90: 74292.222 | F90: 80263.659 | G90: 93731.883 | H90: 79661.246 | I90: 63521.533 | J90: 78190.827 | K90: 73537.015 | L90: 84153.941 | M90: 77718.758 | N90: 78758.097 | O90: 931292.28
B91: - Produits de Pêche PC | C91: 60526.983 | D91: 54949.757 | E91: 55159.341 | F91: 73122.503 | G91: 76746.214 | H91: 67639.877 | I91: 55008.177 | J91: 64020.707 | K91: 50840.584 | L91: 66584.351 | M91: 61538.621 | N91: 61847.33 | O91: 747984.45
B92: - Produits de Pêche TP | C92: 16124.146 | D92: 15862.21 | E92: 19132.881 | F92: 7141.156 | G92: 16985.669 | H92: 12021.369 | I92: 8513.3565 | J92: 14170.12 | K92: 22696.431 | L92: 17569.589 | M92: 16180.137 | N92: 16910.766 | O92: 183307.83
C93: -3.0267984e-09 | D93: -6.1118044e-09 | E93: 3.9581209e-09 | F93: -5.6461431e-09 | G93: -1.2048986e-08 | H93: -6.8102963e-09 | I93: -4.1909516e-09 | J93: 1.6589183e-08 | K93: -8.2072802e-09 | L93: -2.4447218e-09 | M93: -1.8102583e-08 | N93: -2.5960617e-08
B94: EXPORTATIONS | C94: 678029.13 | D94: 747955.83 | E94: 737716.13 | F94: 865222.69 | G94: 889666.96 | H94: 948040.45 | I94: 754956.5 | J94: 978675.85 | K94: 968956.81 | L94: 938635.37 | M94: 804748.05 | N94: 1134939.2 | O94: 10447543
B96: - Produits Pétroliers | C96: 262208.15 | D96: 297652.54 | E96: 310717.75 | F96: 308062.59 | G96: 249453.94 | H96: 366478.36 | I96: 276710.13 | J96: 410875.71 | K96: 384781.65 | L96: 321107 | M96: 326982.75 | N96: 439969.88 | O96: 3955000.4
B97: - Marchandises Générales | C97: 415351.38 | D97: 448758.31 | E97: 426417.06 | F97: 557020.66 | G97: 640033.52 | H97: 581107.96 | I97: 478025.09 | J97: 567415.29 | K97: 583919.58 | L97: 615202.32 | M97: 477454.17 | N97: 694109.44 | O97: 6484814.8
B98: - Produits de Pêche | C98: 469.6 | D98: 1544.985 | E98: 581.32 | F98: 139.44 | G98: 179.49 | H98: 454.133 | I98: 221.28 | J98: 384.845 | K98: 255.57 | L98: 2326.053 | M98: 311.133 | N98: 859.837 | O98: 7727.686
B99: - Produits de Pêche PC | C99: 469.6 | D99: 1544.985 | E99: 581.32 | F99: 139.44 | G99: 179.49 | H99: 454.133 | I99: 221.28 | J99: 384.845 | K99: 255.57 | L99: 2326.053 | M99: 311.133 | N99: 859.837 | O99: 7727.686
B100: - Produits de Pêche TP | C100: 0 | D100: 0 | E100: 0 | F100: 0 | G100: 0 | H100: 0 | I100: 0 | J100: 0 | K100: 0 | L100: 0 | M100: 0 | N100: 0 | O100: 0
B102: TOTAL TRAFIC | C102: 2789961.8 | D102: 2918894.3 | E102: 2918534.6 | F102: 3169442.5 | G102: 3291901 | H102: 2966371.1 | I102: 3414013.2 | J102: 3591522.4 | K102: 3317087.9 | L102: 3317455.7 | M102: 3105604.1 | N102: 3613106.9 | O102: 38413895
R103: DCAQ
B104: - Produits Pétroliers | C104: 989187.7 | D104: 758511.38 | E104: 915160.21 | F104: 853163.81 | G104: 879849.38 | H104: 876832.92 | I104: 1016953.4 | J104: 1052462.4 | K104: 1059584.6 | L104: 821461.43 | M104: 937973.91 | N104: 1201150.7 | O104: 11362292 | P104: =O104/$O$102 -> 0.29578598 | R104: =O104/O102 -> 0.29578598
B105: - Marchandises Générales | C105: 1723653.4 | D105: 2088025.9 | E105: 1928500.8 | F105: 2235875.6 | G105: 2318140.3 | H105: 2009422.8 | I105: 2333317 | J105: 2460484.4 | K105: 2183710.7 | L105: 2409514.2 | M105: 2089600.3 | N105: 2332338.2 | O105: 26112584 | P105: =O105/$O$102 -> 0.67976922 | R105: =O105/O102 -> 0.67976922
B106: - Produits de Pêche | C106: 77120.729 | D106: 72356.952 | E106: 74873.542 | F106: 80403.099 | G106: 93911.373 | H106: 80115.379 | I106: 63742.813 | J106: 78575.672 | K106: 73792.585 | L106: 86479.994 | M106: 78029.891 | N106: 79617.934 | O106: 939019.96 | P106: =O106/$O$102 -> 0.024444799 | R106: =S106/O73 -> 0.021132067 | S106: =O106+O144 -> 991846.29
B107: - Produits de Pêche PC | C107: 60996.583 | D107: 56494.742 | E107: 55740.661 | F107: 73261.943 | G107: 76925.704 | H107: 68094.01 | I107: 55229.457 | J107: 64405.552 | K107: 51096.154 | L107: 68910.404 | M107: 61849.754 | N107: 62707.167 | O107: 755712.13
B108: - Produits de Pêche TP | C108: 16124.146 | D108: 15862.21 | E108: 19132.881 | F108: 7141.156 | G108: 16985.669 | H108: 12021.369 | I108: 8513.3565 | J108: 14170.12 | K108: 22696.431 | L108: 17569.589 | M108: 16180.137 | N108: 16910.766 | O108: 183307.83
B111: A. 1- TRAFIC MENSUEL DES PRODUITS DE PECHE REALISE AU PORT D'ABIDJAN
B113: TRAFIC TOTAL MENSUEL DES PRODUITS DE PECHE DU TERMINAL A PECHE (en tonne) : EXERCICE | L113: 2025
B115: RUBRIQUES | C115: Janvier | D115: Février | E115: Mars | F115: Avril | G115: Mai | H115: Juin | I115: Juillet | J115: Août | K115: Septembre | L115: Octobre | M115: Novembre | N115: Décembre | O115: TOTAL
C117: 0 | D117: 0 | E117: 0 | F117: 0 | G117: 0 | H117: 0 | I117: 1.5347723e-12 | J117: 0 | K117: 0 | L117: 0 | M117: 0 | N117: 0
B118: IMPORTATIONS | C118: 23650.303 | D118: 20732.005 | E118: 20450.186 | F118: 9525.744 | G118: 19917.464 | H118: 14171.588 | I118: 8916.6765 | J118: 16672.058 | K118: 26661.081 | L118: 19925.169 | M118: 17462.303 | N118: 18325.766 | O118: 216410.35
B120: (Transbordement) | C120: 7526.157 | D120: 4869.795 | E120: 1317.305 | F120: 2384.588 | G120: 2931.795 | H120: 2150.22 | I120: 403.32 | J120: 2501.938 | K120: 3964.65 | L120: 2355.58 | M120: 1282.166 | N120: 1415 | O120: 33102.514
B122: Thons congelés | C122: 10357.318 | D122: 5549.478 | E122: 2109.332 | F122: 2973.697 | G122: 3641.981 | H122: 4651.1 | I122: 1101.856 | J122: 4890.67 | K122: 6537.861 | L122: 4979.164 | M122: 2739.739 | N122: 1555.997 | O122: 51088.193
B123: Poissons congelés | C123: 8063.184 | D123: 7141.256 | E123: 13440.6 | F123: 5000.87 | G123: 11381.005 | H123: 3149.798 | I123: 2269.96 | J123: 3391.223 | K123: 7102.914 | L123: 5331.306 | M123: 5250.585 | N123: 8585.677 | O123: 80108.378
B124: Poissons frais | C124: 182.7405 | D124: 1551.584 | E124: 1207.39 | F124: 1139.111 | G124: 857.453 | H124: 500.649 | I124: 67.8185 | J124: 0 | K124: 3301.524 | L124: 3104.4865 | M124: 1470.554 | N124: 2214.569 | O124: 15597.879
B125: Faux thons | C125: 5030.64 | D125: 6338.8 | E125: 3644.315 | F125: 192.559 | G125: 3969.025 | H125: 5793.81 | I125: 5470.225 | J125: 8390.165 | K125: 9664.045 | L125: 6447.6 | M125: 7941.99 | N125: 5898.12 | O125: 68781.294
B126: Crustacés | C126: 15.4405 | D126: 30.517 | E126: 48.549 | F126: 45.569 | G126: 68 | H126: 52.5455 | I126: 6.817 | J126: 0 | K126: 54.737 | L126: 62.613 | M126: 59.435 | N126: 71.4035 | O126: 515.6265
B127: Autres produits de pêche | C127: 0 | D127: 0 | E127: 0 | F127: 0 | G127: 0 | H127: 0 | I127: 0 | J127: 0 | K127: 0 | L127: 0 | M127: 0 | N127: 0 | O127: 0
B128: Marchandises diverses | C128: 0.98 | D128: 120.37 | E128: 0 | F128: 173.938 | G128: 0 | H128: 23.686 | I128: 0 | J128: 0 | K128: 0 | L128: 0 | M128: 0 | N128: 0 | O128: 318.974
C129: 0 | D129: 0 | E129: 0 | F129: 0 | G129: 0 | H129: 0 | I129: 0 | J129: 0 | K129: 0 | L129: 0 | M129: 0 | N129: 0
B130: EXPORTATIONS | C130: 8266.407 | D130: 0 | E130: 1987.04 | F130: 2210.65 | G130: 0 | H130: 2200.12 | I130: 1852.084 | J130: 0 | K130: 1289.848 | L130: 1917.66 | M130: 0 | N130: 0 | O130: 19723.809
B132: (Transbordement) | C132: 8266.407 | D132: 0 | E132: 1987.04 | F132: 2210.65 | G132: 0 | H132: 2200.12 | I132: 1852.084 | J132: 0 | K132: 1289.848 | L132: 1917.66 | M132: 0 | N132: 0 | O132: 19723.809
B134: Thons congelés | C134: 8266.407 | D134: 0 | E134: 1987.04 | F134: 2210.65 | G134: 0 | H134: 2200.12 | I134: 1852.084 | J134: 0 | K134: 1289.848 | L134: 1917.66 | M134: 0 | N134: 0 | O134: 19723.809
B135: Poissons congelés | C135: 0 | D135: 0 | E135: 0 | F135: 0 | G135: 0 | H135: 0 | I135: 0 | J135: 0 | K135: 0 | L135: 0 | M135: 0 | N135: 0 | O135: 0
B136: Poissons frais | C136: 0 | D136: 0 | E136: 0 | F136: 0 | G136: 0 | H136: 0 | I136: 0 | J136: 0 | K136: 0 | L136: 0 | M136: 0 | N136: 0 | O136: 0
B137: Faux thons | C137: 0 | D137: 0 | E137: 0 | F137: 0 | G137: 0 | H137: 0 | I137: 0 | J137: 0 | K137: 0 | L137: 0 | M137: 0 | N137: 0 | O137: 0
B138: Crustacés | C138: 0 | D138: 0 | E138: 0 | F138: 0 | G138: 0 | H138: 0 | I138: 0 | J138: 0 | K138: 0 | L138: 0 | M138: 0 | N138: 0 | O138: 0
B139: Autres produits de pêche | C139: 0 | D139: 0 | E139: 0 | F139: 0 | G139: 0 | H139: 0 | I139: 0 | J139: 0 | K139: 0 | L139: 0 | M139: 0 | N139: 0 | O139: 0
B140: Marchandises diverses | C140: 0 | D140: 0 | E140: 0 | F140: 0 | G140: 0 | H140: 0 | I140: 0 | J140: 0 | K140: 0 | L140: 0 | M140: 0 | N140: 0 | O140: 0
...

Sheet Stats exo 2025brute
B3: POIDS DE LA TARE DES CONTENEURS PAR DESTINATION (en tonne) : EXERCICE | G3: 2025
B5: RUBRIQUES | C5: SITUATION A FIN | F5: DECEMBRE
C6: 2022 | D6: 2023 | E6: 2024 | F6: 2025 | G6: Var. % 2025 / 2024
B8: IMPORTATIONS | C8: 911187.2 | D8: 1379375.8 | E8: 1847852.6 | F8: 1930713.4 | G8: 4.4841672
B10: National | C10: 822749.4 | D10: 1020923.2 | E10: 1163298.4 | F10: 1204786 | G10: 3.5663764
B11: Transbordement | C11: 14935.8 | D11: 280097.4 | E11: 594024.2 | F11: 589256.8 | G11: -0.8025599
B12: Transit | C12: 73502 | D12: 78355.2 | E12: 90530 | F12: 136670.6 | G12: 50.967193
B14: * Pays sans littoral | C14: 73174.2 | D14: 77477.4 | E14: 88963.6 | F14: 134037.2 | G14: 50.665216
B15: - Burkina Faso | C15: 62939.8 | D15: 58579.4 | E15: 59835.6 | F15: 77446.6 | G15: 29.432311
B16: - Mali | C16: 10188.2 | D16: 18898 | E16: 28919 | F16: 56575.2 | G16: 95.633321
B17: - Niger | C17: 46.2 | D17: 0 | E17: 209 | F17: 15.4 | G17: -92.631579
B18: * Pays côtiers | C18: 327.8 | D18: 877.8 | E18: 1566.4 | F18: 2633.4 | G18: 68.117978
B20: EXPORTATIONS | C20: 937750 | D20: 1344653.2 | E20: 1774016.2 | F20: 1829764.2 | G20: 3.1424741
B22: National | C22: 897446 | D22: 1055214.6 | E22: 1158990.8 | F22: 1243671 | G22: 7.3063738
B23: Transbordement | C23: 16090.8 | D23: 262286.2 | E23: 577409.8 | F23: 559374.2 | G23: -3.1235355
... B28: - Mali | C28: 8670.2 | D28: 11312.4 | E28: 13653.2 | F28: 14330.8 | G28: 4.9629391
B29: - Niger | C29: 0 | D29: 0 | E29: 0 | F29: 0
B30: * Pays côtiers | C30: 22 | D30: 4.4 | E30: 9055.2 | F30: 0 | G30: -100
B32: TRAFIC GLOBAL | C32: 1848937.2 | D32: 2724029 | E32: 3621868.8 | F32: 3760477.6 | G32: 3.8269967
B34: National | C34: 1720195.4 | D34: 2076137.8 | E34: 2322289.2 | F34: 2448457 | G34: 5.4329065
B35: Transbordement | C35: 31026.6 | D35: 542383.6 | E35: 1171434 | F35: 1148631 | G35: -1.9465885
B36: Transit | C36: 97715.2 | D36: 105507.6 | E36: 128145.6 | F36: 163389.6 | G36: 27.50309
B38: * Pays sans littoral | C38: 97365.4 | D38: 104625.4 | E38: 117524 | F38: 160756.2 | G38: 36.785848
B39: - Burkina Faso | C39: 78460.8 | D39: 74415 | E39: 74742.8 | F39: 89834.8 | G39: 20.191911
B40: - Mali | C40: 18858.4 | D40: 30210.4 | E40: 42572.2 | F40: 70906 | G40: 66.5547
B41: - Niger | C41: 46.2 | D41: 0 | E41: 209 | F41: 15.4 | G41: -92.631579
B42: * Pays côtiers | C42: 349.8 | D42: 882.2 | E42: 10621.6 | F42: 2633.4 | G42: -75.207125
B45: TRAFIC GLOBAL REALISE AU PA (en tonne) : EXERCICE | F45: 2025
B47: RUBRIQUES | C47: SITUATION A FIN | F47: DECEMBRE
C48: 2022 | D48: 2023 | E48: 2024 | F48: 2025 | G48: Var. % 2025 / 2024
B50: PORT DE COMMERCE | C50: 30097370 | D50: 37119064 | E50: 43506759 | F50: 50459945 | G50: 15.981853
B52: - Importation | C52: 21531732 | D52: 25406211 | E52: 28718255 | F52: 34041315 | G52: 18.535459
B53: - Exportation | C53: 8565638.1 | D53: 11712854 | E53: 14788504 | F53: 16418629 | G53: 11.022924
B55: TERMINAL A PECHE | C55: 420669.07 | D55: 308964.76 | E55: 218018.36 | F55: 236134.15 | G55: 8.3092982
B57: - Importation | C57: 348018.01 | D57: 270675.73 | E57: 179594.12 | F57: 216410.35 | G57: 20.499683
B58: - Exportation | C58: 72651.06 | D58: 38289.032 | E58: 38424.238 | F58: 19723.809 | G58: -48.668315
B60: TOTAL TRAFIC | C60: 30518040 | D60: 37428029 | E60: 43724777 | F60: 50696079 | G60: 15.943596
B62: - Importation | C62: 21879750 | D62: 25676886 | E62: 28897849 | F62: 34257726 | G62: 18.547666
B63: - Exportation | C63: 8638289.1 | D63: 11751143 | E63: 14826928 | F63: 16438353 | G63: 10.868233
B66: TRAFIC GLOBAL PAR DESTINATION REALISE AU PA (en tonne) : EXERCICE | F66: 2025
B68: RUBRIQUES | C68: SITUATION A FIN | F68: DECEMBRE
C69: 2022 | D69: 2023 | E69: 2024 | F69: 2025 | G69: Var. % 2025 / 2024
B71: IMPORTATIONS | C71: 21879750 | D71: 25676886 | E71: 28897849 | F71: 34257726 | G71: 18.547666
B73: National | C73: 18778403 | D73: 20424170 | E73: 21112943 | F73: 25743479 | G73: 21.932216
B74: Transbordement | C74: 209793.77 | D74: 2467803 | E74: 4973755.1 | F74: 4949916.6 | G74: -0.47928482
B75: Transit | C75: 2891553.3 | D75: 2784913.7 | E75: 2811151.5 | F75: 3564330.5 | G75: 26.792545
B77: EXPORTATIONS | C77: 8638289.1 | D77: 11751143 | E77: 14826928 | F77: 16438353 | G77: 10.868233
B79: National | C79: 8159152.7 | D79: 9268861.2 | E79: 9761370.1 | F79: 11180166 | G79: 14.534806
B80: Transbordement | C80: 199642.22 | D80: 2264600.6 | E80: 4829208.5 | F80: 4720420 | G80: -2.2527193
B81: Transit | C81: 279494.19 | D81: 217680.98 | E81: 236349.22 | F81: 537766.6 | G81: 127.53051
B83: TOTAL TRAFIC | C83: 30518040 | D83: 37428029 | E83: 43724777 | F83: 50696079 | G83: 15.943596 | H83: 6971301.8 | I83: 0.15943596
B85: National | C85: 26937556 | D85: 29693031 | E85: 30874313 | F85: 36923645 | G85: 19.593415 | H85: 6049332.3 | I85: 0.19593415 | J85: 0.72833335
B86: Transbordement | C86: 409436 | D86: 4732403.6 | E86: 9802963.6 | F86: 9670336.6 | G86: -1.3529272 | H86: -132626.97 | I86: -0.013529272 | J86: 0.19075118
B87: Transit | C87: 3171047.5 | D87: 3002594.7 | E87: 3047500.7 | F87: 4102097.1 | G87: 34.605288 | H87: 1054596.4 | I87: 0.34605288 | J87: 0.080915472
B90: TRAFIC TOTAL NATIONAL PAR GRANDE COMPOSANTE REALISE AU PA (en tonne) : EXERCICE | G90: 2025
B92: RUBRIQUES | C92: SITUATION A FIN | F92: DECEMBRE
C93: 2022 | D93: 2023 | E93: 2024 | F93: 2025 | G93: Var. % 2025 / 2024
B95: IMPORTATIONS | C95: 18778403 | D95: 20424170 | E95: 21112943 | F95: 25743479 | G95: 21.932216
B96: TARE | C96: 822749.4 | D96: 1020923.2 | E96: 1163298.4 | F96: 1204786 | G96: 3.5663764
B98: - Produits Pétroliers | C98: 5533521.7 | D98: 6162559.5 | E98: 6447035.3 | F98: 7386874.5 | G98: 14.577852
B99: - Marchandises Générales | C99: 11677659 | D99: 12436427 | E99: 12713253 | F99: 16249357 | G99: 27.814309
B100: - Produits de Pêche | C100: 744473.65 | D100: 804259.74 | E100: 789355.53 | F100: 902461.26 | G100: 14.32887
B101: - Produits de Pêche PC | C101: 498197.9 | D101: 584575.2 | E101: 651367.9 | F101: 719153.43 | G101: 10.406644
B102: - Produits de Pêche TP | C102: 246275.75 | D102: 219684.54 | E102: 137987.64 | F102: 183307.83 | G102: 32.843662
B104: EXPORTATIONS | C104: 8159152.7 | D104: 9268861.2 | E104: 9761370.1 | F104: 11180166 | G104: 14.534806
B105: TARE | C105: 897446 | D105: 1055214.6 | E105: 1158990.8 | F105: 1243671 | G105: 7.3063738
B107: - Produits Pétroliers | C107: 1704468.9 | D107: 2209716.1 | E107: 2992644.4 | F107: 3955000.4 | G107: 32.157379
B108: - Marchandises Générales | C108: 5537767.6 | D108: 5996293.7 | E108: 5606014.4 | F108: 5973767.2 | G108: 6.5599693
B109: - Produits de Pêche | C109: 19470.197 | D109: 7636.8242 | E109: 3720.4726 | F109: 7727.686 | G109: 107.70711
B110: - Produits de Pêche PC | C110: 19470.197 | D110: 7636.8242 | E110: 3720.4726 | F110: 7727.686 | G110: 107.70711
B111: - Produits de Pêche TP | C111: 0 | D111: 0 | E111: 0 | F111: 0
B113: TOTAL TRAFIC | C113: 26937556 | D113: 29693031 | E113: 30874313 | F113: 36923645 | G113: 19.593415
B114: TARE | C114: 1720195.4 | D114: 2076137.8 | E114: 2322289.2 | F114: 2448457 | G114: 5.4329065
B116: - Produits Pétroliers | C116: 7237990.6 | D116: 8372275.5 | E116: 9439679.7 | F116: 11341875 | G116: 20.151057
B117: - Marchandises Générales | C117: 17215426 | D117: 18432721 | E117: 18319268 | F117: 22223124 | G117: 21.310111
B118: - Produits de Pêche | C118: 763943.84 | D118: 811896.57 | E118: 793076.01 | F118: 910188.95 | G118: 14.766926
B119: - Produits de Pêche PC | C119: 517668.1 | D119: 592212.03 | E119: 655088.37 | F119: 726881.12 | G119: 10.959247
B120: - Produits de Pêche TP | C120: 246275.75 | D120: 219684.54 | E120: 137987.64 | F120: 183307.83 | G120: 32.843662
B122: TRAFIC TOTAL DE TRANSIT PAR PAYS REALISE AU PA (en tonne) : EXERCICE | G122: 2025
B124: RUBRIQUES | C124: SITUATION A FIN | F124: DECEMBRE
C125: 2022 | D125: 2023 | E125: 2024 | F125: 2025 | G125: Var. % 2025 / 2024
B127: IMPORTATIONS | C127: 2891553.3 | D127: 2784913.7 | E127: 2811151.5 | F127: 3564330.5 | G127: 26.792545
B129: - Burkina Faso | C129: 2267782.2 | D129: 2170386 | E129: 2021829.5 | F129: 2364383.6 | G129: 16.942776
B130: - Mali | C130: 618512.38 | D130: 603192.55 | E130: 762249.13 | F130: 1154190.5 | G130: 51.419065
B131: - Niger | C131: 360.375 | D131: 6 | E131: 1332.2483 | F131: 101.739 | G131: -92.36336
B132: - Pays cotiers | C132: 4898.3318 | D132: 11329.168 | E132: 25740.576 | F132: 45654.687 | G132: 77.364667
B134: EXPORTATIONS | C134: 279494.19 | D134: 217680.98 | E134: 236349.22 | F134: 537766.6 | G134: 127.53051
B136: - Burkina Faso | C136: 182031.5 | D136: 118676.99 | E136: 111715.98 | F136: 92136.129 | G136: -17.526458
B137: - Mali | C137: 97440.69 | D137: 98970.7 | E137: 115538.7 | F137: 445630.47 | G137: 285.69802
B138: - Niger | C138: 0 | D138: 0 | E138: 0 | F138: 0
B139: - Pays cotiers | C139: 22 | D139: 33.296 | E139: 9094.54 | F139: 0 | G139: -100
B141: TOTAL TRAFIC | C141: 3171047.5 | D141: 3002594.7 | E141: 3047500.7 | F141: 4102097.1 | G141: 34.605288 | H141: 1054596.4 | I141: 0.34605288
B143: - Burkina Faso | C143: 2449813.7 | D143: 2289063 | E143: 2133545.5 | F143: 2456519.7 | G143: 15.13791 | H143: 322974.19 | I143: 0.1513791 | J143: 0.59884484
B144: - Mali | C144: 715953.07 | D144: 702163.25 | E144: 877787.83 | F144: 1599821 | G144: 82.255999 | H144: 722033.15 | I144: 0.82255999 | J144: 0.39000076
B145: - Niger | C145: 360.375 | D145: 6 | E145: 1332.2483 | F145: 101.739 | G145: -92.36336 | H145: -1230.5093 | I145: -0.9236336 | J145: 2.4801704e-05
B146: - Pays cotiers | C146: 4920.3318 | D146: 11362.464 | E146: 34835.116 | F146: 45654.687 | G146: 31.05938 | H146: 10819.571 | I146: 0.3105938 | J146: 0.011129597
B149: SYNTHESE DU TRAFIC GLOBAL PAR PAYS REALISE AU PA (en tonne) : EXERCICE | G149: 2025
B151: RUBRIQUES | C151: SITUATION A FIN | F151: DECEMBRE
C152: 2022 | D152: 2023 | E152: 2024 | F152: 2025 | G152: Var. % 2025 / 2024
B154: IMPORTATIONS | C154: 21879750 | D154: 25676886 | E154: 28897849 | F154: 34257726 | G154: 18.547666
...
